State,Pollster,Start.date,End.date,Entry Date Time,Mode,Biden,Trump,Biden_Margin
TX,Data for Progress,10/15/2020,10/18/2020,10/19/2020 22:55,Online,47,46,1
AL,Moore Information,10/11/2020,10/14/2020,10/19/2020 19:30,Live Phone,38,55,-17
WA,Public Policy Polling,10/14/2020,10/15/2020,10/19/2020 19:30,IVR,60,37,23
WI,Ipsos,10/13/2020,10/19/2020,10/19/2020 17:29,Online,51,43,8
PA,Ipsos,10/13/2020,10/19/2020,10/19/2020 17:29,Online,49,45,4
--,Morning Consult,10/16/2020,10/18/2020,10/19/2020 15:00,Online,52,43,9
MI,Mitchell Research & Communications,10/18/2020,10/18/2020,10/19/2020 15:00,Online,51,41,10
--,YouGov,10/16/2020,10/18/2020,10/19/2020 15:00,Online,51,40,11
--,IBD/TIPP,10/14/2020,10/18/2020,10/19/2020 15:00,Live Phone/Online,50,44,6
--,USC Dornsife,10/5/2020,10/18/2020,10/19/2020 15:00,Online,52,42,10
--,RMG Research,10/15/2020,10/17/2020,10/19/2020 15:00,Online,51,43,8
WI,Trafalgar Group,10/5/2020,10/18/2020,10/19/2020 15:00,IVR,48,46,2
PA,Trafalgar Group,10/5/2020,10/18/2020,10/19/2020 15:00,IVR,48,46,2
--,Public Religion Research Institute,10/9/2020,10/12/2020,10/19/2020 15:00,Live Phone,55,39,16
VA,Cygnal,10/9/2020,10/11/2020,10/19/2020 15:00,Online,51,42,9
CO,YouGov,10/5/2020,10/9/2020,10/19/2020 15:00,Online,47,38,9
VA,Cygnal,9/22/2020,9/25/2020,10/19/2020 15:00,Online,52,41,11
--,Public Religion Research Institute,9/9/2020,9/22/2020,10/19/2020 15:00,Live Phone,56,43,13
WI,YouGov,10/13/2020,10/16/2020,10/18/2020 12:02,Online,51,46,5
AZ,YouGov,10/13/2020,10/16/2020,10/18/2020 12:02,Online,50,47,3
MO,Remington Research Group,10/14/2020,10/15/2020,10/18/2020 9:00,Online,45,51,-6
MI,Trafalgar Group,10/11/2020,10/14/2020,10/16/2020 14:39,IVR,46,47,-1
AK,NYT/Siena College,10/9/2020,10/14/2020,10/16/2020 14:39,Live Phone,39,45,-6
NJ,Stockton University,10/7/2020,10/13/2020,10/16/2020 14:39,Live Phone,56,36,20
FL,Mason-Dixon Polling & Strategy,10/8/2020,10/12/2020,10/16/2020 14:39,Live Phone,48,45,3
--,Global Strategy Group,10/8/2020,10/12/2020,10/16/2020 14:39,Online,53,43,10
--,NORC,10/8/2020,10/12/2020,10/16/2020 14:39,Live Phone,51,36,15
--,Kaiser Family Foundation,10/7/2020,10/12/2020,10/16/2020 14:39,Live Phone,49,38,11
HI,MRG Research,10/2/2020,10/7/2020,10/16/2020 14:39,Live Phone,61,28,33
--,Edison Research,9/25/2020,10/8/2020,10/15/2020 14:44,Live Phone,48,35,13
PA,Civiqs,10/8/2020,10/11/2020,10/15/2020 14:44,Online,52,45,7
MI,Civiqs,10/8/2020,10/11/2020,10/15/2020 14:44,Online,52,43,9
WI,Civiqs,10/8/2020,10/11/2020,10/15/2020 14:44,Online,53,45,8
OH,Civiqs,10/8/2020,10/11/2020,10/15/2020 14:44,Online,47,50,-3
--,Marist College,10/8/2020,10/13/2020,10/15/2020 14:44,Live Phone,54,43,11
CO,Keating Research,10/8/2020,10/13/2020,10/15/2020 14:18,Live Phone,54,49,5
SC,NYT/Siena College,10/9/2020,10/15/2020,10/15/2020 12:15,Live Phone,41,49,-8
--,Whitman Insight Strategies,10/8/2020,10/13/2020,10/15/2020 12:15,Live Phone,54,42,12
MI,RMG Research,10/8/2020,10/13/2020,10/15/2020 12:15,Online,48,42,6
ME,Pan Atlantic Research,10/2/2020,10/6/2020,10/15/2020 12:15,Online,50,40,10
--,YouGov,10/5/2020,10/12/2020,10/15/2020 12:15,Live Phone,53,43,10
AZ,Monmouth University,10/9/2020,10/13/2020,10/15/2020 12:15,Live Phone,50,45,5
VA,Reconnect Research,9/30/2020,10/12/2020,10/15/2020 8:26,IVR,53,38,15
IA,Data for Progress,10/8/2020,10/11/2020,10/15/2020 8:26,Online,47,48,-1
AZ,OH Predictive Insights,10/4/2020,10/8/2020,10/15/2020 8:26,Online,49,45,4
NC,Civiqs,10/11/2020,10/14/20202,10/15/2020 8:26,Online,51,46,5
CO,Civiqs,10/11/2020,10/14/20202,10/15/2020 8:26,Online,54,42,12
VA,Civiqs,10/11/2020,10/14/20202,10/15/2020 8:26,Online,55,42,13
--,NBC News/Wall Street Journal,10/9/2020,10/12/2020,10/15/2020 1:26,Live Phone,53,42,11
FL,Clearview Reseach,10/7/2020,10/12/2020,10/14/2020 23:19,Live Phone,47,40,7
--,Ipsos,10/9/2020,10/13/2020,10/14/2020 23:19,Online,51,41,10
SC,Data for Progress,10/8/2020,10/11/2020,10/14/2020 23:19,Online,43,52,-9
GA,Data for Progress,10/8/2020,10/11/2020,10/14/2020 23:19,Online,46,46,0
AZ,Ipsos,10/7/2020,10/14/2020,10/14/2020 17:19,Online,50,46,4
FL,Ipsos,10/7/2020,10/14/2020,10/14/2020 17:19,Online,49,47,2
WI,David Binder Research,10/10/2020,10/13/2020,10/14/2020 15:17,Live Phone,53,43,10
MN,David Binder Research,10/10/2020,10/13/2020,10/14/2020 15:17,Live Phone,52,41,11
IA,David Binder Research,10/10/2020,10/13/2020,10/14/2020 15:17,Live Phone,44,50,-6
--,Redfield & Wilton Strategies,10/10/2020,10/10/2020,10/14/2020 15:17,Online,49,41,8
IN,SurveyUSA,10/8/2020,10/13/2020,10/14/2020 15:17,Online,42,49,-7
GA,Quinnipiac University,10/8/2020,10/12/2020,10/14/2020 14:17,Live Phone,51,44,7
OH,Quinnipiac University,10/8/2020,10/12/2020,10/14/2020 14:17,Live Phone,48,47,1
NC,NYT/Siena College,10/9/2020,10/13/2020,10/14/2020 13:19,Live Phone,46,42,4
PA,RMG Research,10/7/2020,10/12/2020,10/14/2020 12:33,Online,49,43,6
LA,Trafalgar Group,10/4/2020,10/6/2020,10/14/2020 12:33,IVR,36,54,-18
MT,Montana State University Bozeman,9/14/2020,10/2/2020,10/14/2020 12:33,Online,44,51,-7
GA,SurveyUSA,10/8/2020,10/12/2020,10/14/2020 12:33,Online,48,46,2
FL,St Pete Polls,10/11/2020,10/12/2020,10/14/2020 12:33,IVR,49,47,2
FL,Trafalgar Group,10/11/2020,10/13/2020,10/14/2020 12:33,IVR,46,48,-2
--,YouGov,10/11/2020,10/13/2020,10/14/2020 8:33,Online,52,42,10
NH,Suffolk University,10/8/2020,10/12/2020,10/14/2020 8:33,Live Phone,51,41,10
MI,EPIC-MRA,10/8/2020,10/12/2020,10/14/2020 8:33,Live Phone,48,39,9
FL,RMG Research,10/4/2020,10/8/2020,10/13/2020 19:41,Online,48,46,2
NC,RMG Research,10/7/2020,10/11/2020,10/13/2020 19:41,Online,47,45,2
NC,SurveyUSA,10/8/2020,10/11/2020,10/13/2020 17:41,Online,50,45,5
NC,Ipsos,10/7/2020,10/13/2020,10/13/2020 17:41,Online,48,48,0
MI,Ipsos,10/7/2020,10/13/2020,10/13/2020 17:41,Online,51,44,7
NH,University of New Hampshire,10/9/2020,10/12/2020,10/13/2020 17:41,Live Phone,55,43,12
WV,Research America Inc.,10/1/2020,10/6/2020,10/13/2020 17:41,IVR,39,53,-14
NC,Monmouth University,10/8/2020,10/11/2020,10/13/2020 11:18,Live Phone,50,47,3
NV,WPA Intelligence,10/7/2020,10/11/2020,10/13/2020 11:18,Live Phone,44,42,2
PA,Trafalgar Group,10/10/2020,10/12/2020,10/13/2020 11:18,IVR,47,45,2
MO,YouGov,9/24/2020,10/7/2020,10/13/2020 11:18,Online,43,52,-9
--,Opinium,10/8/2020,10/12/2020,10/13/2020 11:18,Online,57,40,17
--,Morning Consult,10/9/2020,10/11/2020,10/13/2020 8:38,Online,51,43,8
WI,Morning Consult,10/2/2020,10/11/2020,10/13/2020 8:38,Online,51,44,7
TX,Morning Consult,10/2/2020,10/11/2020,10/13/2020 8:38,Online,47,49,-2
SC,Morning Consult,10/2/2020,10/11/2020,10/13/2020 8:38,Online,42,54,-12
PA,Morning Consult,10/2/2020,10/11/2020,10/13/2020 8:38,Online,52,44,8
OH,Morning Consult,10/2/2020,10/11/2020,10/13/2020 8:38,Online,46,49,-3
NC,Morning Consult,10/2/2020,10/11/2020,10/13/2020 8:38,Online,50,46,4
MN,Morning Consult,10/2/2020,10/11/2020,10/13/2020 8:38,Online,50,44,6
MI,Morning Consult,10/2/2020,10/11/2020,10/13/2020 8:38,Online,51,44,7
GA,Morning Consult,10/2/2020,10/11/2020,10/13/2020 8:38,Online,47,49,-2
FL,Morning Consult,10/2/2020,10/11/2020,10/13/2020 8:38,Online,51,46,5
CO,Morning Consult,10/2/2020,10/11/2020,10/13/2020 8:38,Online,54,40,14
AZ,Morning Consult,10/2/2020,10/11/2020,10/13/2020 8:38,Online,49,46,3
FL,Florida Atlantic University,10/9/2020,10/10/2020,10/13/2020 8:38,IVR/Online,51,47,4
WA,SurveyUSA,10/8/2020,10/12/2020,10/12/2020 23:30,Online,55,34,21
PA,Ipsos,10/6/2020,10/11/2020,10/12/2020 19:30,Online,51,44,7
WI,Ipsos,10/6/2020,10/11/2020,10/12/2020 19:30,Online,51,44,7
--,YouGov,10/9/2020,10/11/2020,10/12/2020 19:30,Online,51,43,8
--,RMG Research,10/8/2020,10/10/2020,10/12/2020 14:45,Online,51,43,8
WI,NYT/Siena College,10/8/2020,10/11/2020,10/12/2020 14:00,Live Phone,51,41,10
MI,NYT/Siena College,10/6/2020,10/11/2020,10/12/2020 14:00,Live Phone,48,40,8
PA,Whitman Insight Strategies,10/5/2020,10/9/2020,10/12/2020 14:00,Live Phone,51,46,5
MT,Public Policy Polling,10/9/2020,10/1/2020,10/12/2020 9:00,IVR,48,52,-4
--,IBD/TIPP,10/7/2020,10/11/2020,10/12/2020 9:00,Live Phone/Online,52,43,9
--,USC Dornsife,9/29/2020,10/11/2020,10/12/2020 9:00,Online,54,41,13
IA,YouGov,10/6/2020,10/9/2020,10/11/2020 12:00,Online,49,49,0
NV,YouGov,10/6/2020,10/9/2020,10/11/2020 12:00,Online,52,46,6
MI,YouGov,10/6/2020,10/9/2020,10/11/2020 12:00,Online,52,46,6
WI,Baldwin Wallace University,9/30/2020,108/2020,10/11/2020 9:00,Online,49,43,6
PA,Baldwin Wallace University,9/30/2020,108/2020,10/11/2020 9:00,Online,50,45,5
OH,Baldwin Wallace University,9/30/2020,108/2020,10/11/2020 9:00,Online,45,47,-2
MI,Baldwin Wallace University,9/30/2020,108/2020,10/11/2020 9:00,Online,50,43,7
GA,Public Policy Polling,10/8/2020,10/9/2020,10/11/2020 9:00,IVR,47,46,1
GA,Landmark Communications,10/7/2020,10/7/2020,10/11/2020 9:00,Live Phone,47,49,-2
--,ABC News/Washington Post,10/6/2020,10/9/2020,10/11/2020 9:00,Live Phone,54,42,12
NJ,Fairleigh Dickinson University,9/30/2020,10/5/2020,10/9/2020 15:08,Online,53,38,15
WI,Redfield & Wilton Strategies,10/4/2020,10/6/2020,10/9/2020 15:08,Online,51,41,10
AZ,Redfield & Wilton Strategies,10/4/2020,10/6/2020,10/9/2020 15:08,Online,49,43,6
MI,Redfield & Wilton Strategies,10/4/2020,10/6/2020,10/9/2020 15:08,Online,50,42,8
PA,Redfield & Wilton Strategies,10/4/2020,10/6/2020,10/9/2020 15:08,Online,49,42,7
FL,Redfield & Wilton Strategies,10/4/2020,10/6/2020,10/9/2020 15:08,Online,49,44,5
NC,Redfield & Wilton Strategies,10/4/2020,10/6/2020,10/9/2020 15:08,Online,49,44,5
AZ,Trafalgar Group,10/6/2020,10/8/2020,10/9/2020 12:08,IVR,44,48,-4
--,Ipsos,10/6/2020,10/8/2020,10/9/2020 12:08,Online,53,41,12
--,Global Strategy Group,10/2/2020,10/5/2020,10/9/2020 10:08,Online,52,44,8
GA,University of Georgia,9/27/2020,10/6/2020,10/9/2020 8:08,Live Phone,46,48,-2
--,Pew Research Center,9/30/2020,10/5/2020,10/9/2020 8:08,Online,52,42,10
TX,YouGov,9/25/2020,10/4/2020,10/9/2020 8:08,Online,45,50,-5
NH,Saint Anselm College,10/1/2020,10/4/2020,10/8/2020 16:32,Online,53,41,12
TX,Public Policy Polling,10/7/2020,10/8/2020,10/8/2020 16:32,IVR,50,49,1
--,Data for Progress,10/6/2020,10/6/2020,10/8/2020 10:32,Online,56,41,15
MD,Goucher College,9/30/2020,10/4/2020,10/8/2020 10:32,Live Phone,61,30,31
SC,GBAO,9/24/2020,9/28/2020,10/8/2020 10:32,Live Phone,44,49,-5
FL,Saint Leo University,9/27/2020,10/2/2020,10/7/2020 20:10,Online,50,44,6
--,Saint Leo University,9/27/2020,10/2/2020,10/7/2020 20:10,Online,52,38,14
TX,Data for Progress,9/30/2020,10/5/2020,10/7/2020 20:10,Online,47,45,2
NC,Data for Progress,9/30/2020,10/5/2020,10/7/2020 20:10,Online,51,44,7
MT,Data for Progress,9/30/2020,10/5/2020,10/7/2020 20:10,Online,43,49,-6
MN,SurveyUSA,10/1/2020,10/6/2020,10/7/2020 20:10,Online,47,40,7
--,Fox News/Beacon Research/Shaw & Co. Research,10/3/2020,10/6/2020,10/7/2020 20:10,Live Phone,53,43,10
AZ,Ipsos,9/29/2020,10/7/2020,10/7/2020 14:52,Online,48,46,2
FL,Ipsos,9/29/2020,10/7/2020,10/7/2020 14:52,Online,49,45,4
FL,Quinnipiac University,10/1/2020,10/5/2020,10/7/2020 14:18,Live Phone,51,40,11
PA,Quinnipiac University,10/1/2020,10/5/2020,10/7/2020 14:18,Live Phone,54,41,13
IA,Quinnipiac University,10/1/2020,10/5/2020,10/7/2020 14:18,Live Phone,50,45,5
WI,Marquette University Law School,9/30/2020,10/4/2020,10/7/2020 13:18,Live Phone,46,41,5
NV,NYT/Siena College,10/2/2020,10/6/2020,10/7/2020 13:18,Live Phone,48,42,6
OH,NYT/Siena College,10/2/2020,10/6/2020,10/7/2020 13:18,Live Phone,45,44,1
AZ,Data Orbital,10/3/2020,10/5/2020,10/7/2020 12:50,Live Phone,48,43,5
MO,Garin-Hart-Yang Research Group,9/28/2020,10/2/2020,10/7/2020 11:06,Live Phone,48,50,-2
TX,Civiqs,10/3/2020,10/6/2020,10/7/2020 8:55,Online,48,48,0
IA,Civiqs,10/3/2020,10/6/2020,10/7/2020 8:55,Online,48,47,1
MD,Change Research,9/29/2020,10/1/2020,10/7/2020 8:55,Online,61,32,29
WV,Triton Poling & Research,9/29/2020,9/30/2020,10/7/2020 8:55,Online,38,56,-18
--,YouGov,10/4/2020,10/6/2020,10/7/2020 8:55,Online,51,42,9
--,Franklin Pierce University,9/30/2020,10/4/2020,10/6/2020 16:38,Live Phone/Online,51,37,14
AK,Alaska Survey Research,9/25/2020,10/4/2020,10/6/2020 16:38,Live Phone,46,50,-4
--,Ipsos,10/2/2020,10/6/2020,10/6/2020 16:38,Online,52,40,12
NC,Ipsos,9/29/2020,10/6/2020,10/6/2020 15:38,Online,47,47,0
MI,Ipsos,9/29/2020,10/6/2020,10/6/2020 15:38,Online,51,43,8
PA,Ipsos,9/29/2020,10/5/2020,10/6/2020 15:38,Online,50,45,5
WI,Ipsos,9/29/2020,10/5/2020,10/6/2020 15:38,Online,50,44,6
ME,Critical Insights,9/25/2020,10/4/2020,10/6/2020 15:38,Live Phone,51,40,11
NC,East Carolina University,10/2/2020,10/4/2020,10/6/2020 15:38,Online,50,47,3
WI,Change Research,10/2/2020,10/4/2020,10/6/2020 13:38,Online,51,44,7
PA,Change Research,10/2/2020,10/4/2020,10/6/2020 13:38,Online,50,46,4
NC,Change Research,10/2/2020,10/4/2020,10/6/2020 13:38,Online,49,47,2
MI,Change Research,10/2/2020,10/4/2020,10/6/2020 13:38,Online,51,43,8
FL,Change Research,10/2/2020,10/4/2020,10/6/2020 13:38,Online,50,46,4
AZ,Change Research,10/2/2020,10/4/2020,10/6/2020 13:38,Online,51,45,6
--,SurveyUSA,10/1/2020,10/4/2020,10/6/2020 13:38,Online,53,43,10
--,Redfield & Wilton Strategies,10/3/2020,10/4/2020,10/6/2020 13:38,Online,50,42,8
PA,Monmouth University,9/30/2020,10/4/2020,10/6/2020 11:01,Live Phone,54,44,10
FL,University of North Florida,10/1/2020,10/4/2020,10/6/2020 8:01,Live Phone,51,45,6
FL,Suffolk University,10/1/2020,10/4/2020,10/6/2020 8:01,Live Phone,45,45,0
NM,Public Policy Polling,9/30/2020,10/1/2020,10/6/2020 8:01,IVR,53,39,14
AZ,Strategies 360,9/24/2020,9/29/2020,10/6/2020 8:01,Live Phone/Online,49,45,4
--,SSRS,10/1/2020,10/4/2020,10/6/2020 8:01,Live Phone,57,41,16
UT,Y2 Analytics,9/26/2020,10/4/2020,10/5/2020 14:01,Online,40,50,-10
NC,Public Policy Polling,10/4/2020,10/5/2020,10/5/2020 14:01,IVR,50,46,4
--,Morning Consult,10/2/2020,10/3/2020,10/5/2020 13:01,Online,52,43,9
OH,Trafalgar Group,10/1/2020,10/3/2020,10/5/2020 13:01,IVR,44,48,-4
AZ,NYT/Siena College,10/1/2020,10/3/2020,10/5/2020 13:01,Live Phone,49,41,8
DE,University of Delaware,9/21/2020,9/27/2020,10/5/2020 13:01,Live Phone,54,33,21
--,Pollfish,9/8/2020,9/10/2020,10/5/2020 13:01,Online,53,45,8
--,USC Dornsife,9/21/2020,10/4/2020,10/5/2020 8:42,Online,53,42,11
--,YouGov,10/2/2020,10/3/2020,10/4/2020 15:12,Online,51,43,8
--,YouGov,10/1/2020,10/2/2020,10/4/2020 15:12,Online,48,40,8
OH,YouGov,9/30/2020,10/2/2020,10/4/2020 10:49,Online,47,47,0
PA,YouGov,9/30/2020,10/2/2020,10/4/2020 10:49,Online,51,44,7
--,NBC News/Wall Street Journal,9/30/2020,10/1/2020,10/4/2020 9:18,Live Phone,53,39,14
--,Ipsos,10/2/2020,10/3/2020,10/4/2020 9:18,Online,51,41,10
PA,NYT/Siena College,9/30/2020,10/1/2020,10/3/2020 12:12,Live Phone,49,42,7
FL,NYT/Siena College,9/30/2020,10/1/2020,10/3/2020 12:12,Live Phone,47,42,5
MO,Remington Research Group,9/30/2020,10/1/2020,10/3/2020 12:12,Online,46,51,-5
--,Ipsos,9/29/2020,10/1/2020,10/2/2020 16:39,Online,50,41,9
--,Data for Progress,9/30/2020,10/1/2020,10/2/2020 16:39,Online,51,41,10
TX,Hart Research Associates,9/24/2020,9/27/2020,10/2/2020 16:39,Live Phone,47,49,-2
OH,Hart Research Associates,9/24/2020,9/27/2020,10/2/2020 16:39,Live Phone,47,49,-2
NC,Hart Research Associates,9/24/2020,9/27/2020,10/2/2020 16:39,Live Phone,49,47,2
IA,Hart Research Associates,9/24/2020,9/27/2020,10/2/2020 16:39,Live Phone,47,49,-2
GA,Hart Research Associates,9/24/2020,9/27/2020,10/2/2020 16:39,Live Phone,50,47,3
--,IBD/TIPP,9/30/2020,10/1/2020,10/2/2020 13:39,Online,49,46,3
MI,Public Policy Polling,9/30/2020,10/1/2020,10/2/2020 13:39,IVR,50,44,6
WI,Redfield & Wilton Strategies,9/23/2020,9/25/2020,10/2/2020 13:39,Online,48,43,5
MI,Redfield & Wilton Strategies,9/23/2020,9/25/2020,10/2/2020 13:39,Online,51,42,9
NC,Redfield & Wilton Strategies,9/23/2020,9/25/2020,10/2/2020 13:39,Online,47,45,2
AZ,Redfield & Wilton Strategies,9/23/2020,9/25/2020,10/2/2020 13:39,Online,47,44,3
PA,Redfield & Wilton Strategies,9/23/2020,9/25/2020,10/2/2020 13:39,Online,50,44,6
FL,Redfield & Wilton Strategies,9/23/2020,9/25/2020,10/2/2020 13:39,Online,48,43,5
AZ,Suffolk University,9/26/2020,9/30/2020,10/2/2020 13:39,Live Phone,50,46,4
NY,Siena College,9/27/2020,9/29/2020,10/2/2020 13:39,Live Phone,51,29,22
--,Global Strategy Group,9/26/2020,9/28/2020,10/2/2020 13:39,Online,53,43,10
--,YouGov,9/14/2020,9/22/2020,10/1/2020 20:28,Online,53,42,11
GA,Landmark Communications,9/30/2020,9/30/2020,10/1/2020 20:28,Live Phone,47,45,2
--,Change Research,9/29/2020,9/30/2020,10/1/2020 14:03,Online,54,41,13
NC,ALG Research,9/22/2020,9/28/2020,10/1/2020 14:03,Live Phone,50,47,3
SC,Data for Progress,9/24/2020,9/28/2020,10/1/2020 11:09,Online,43,47,-4
ME,Data for Progress,9/24/2020,9/28/2020,10/1/2020 11:09,Online,53,39,14
IA,Data for Progress,9/24/2020,9/28/2020,10/1/2020 11:09,Online,44,47,-3
AZ,Data for Progress,9/24/2020,9/28/2020,10/1/2020 11:09,Online,49,45,4
PA,ALG Research,8/26/2020,9/1/2020,10/1/2020 11:09,Live Phone,50,44,6
OH,ALG Research,8/26/2020,9/1/2020,10/1/2020 11:09,Live Phone,48,46,2
OR,Civiqs,9/26/2020,9/29/2020,9/30/2020 19:30,Online,56,39,17
--,Ipsos,9/25/2020,9/29/2020,9/30/2020 18:30,Online,51,42,9
IA,RABA Research,9/23/2020,9/26/2020,9/30/2020 17:52,Live Phone,48,46,2
KS,Civiqs,9/26/2020,9/29/2020,9/30/2020 17:28,Online,42,52,-10
SC,Quinnipiac University,9/23/2020,9/27/2020,9/30/2020 14:12,Online,47,48,-1
--,YouGov,9/27/2020,9/30/2020,9/30/2020 14:12,Online,50,42,8
--,NORC,7/31/2020,8/11/2020,9/30/2020 13:30,Live Phone,48,37,11
CA,SurveyUSA,9/26/2020,9/28/2020,9/30/2020 13:30,Online,59,32,27
NH,University of New Hampshire,9/24/2020,9/26/2020,9/30/2020 13:30,Live Phone,53,44,9
--,Redfield & Wilton Strategies,9/26/2020,9/27/2020,9/29/2020 21:02,Online,50,40,10
GA,Civiqs,9/26/2020,9/29/2020,9/29/2020 15:55,Online,50,47,3
ND,DFM Research,9/12/2020,9/16/2020,9/29/2020 14:10,Live Phone,37,56,-19
TX,YouGov,9/18/2020,9/25/2020,9/29/2020 14:10,Online,46,49,-3
NC,YouGov,9/18/2020,9/25/2020,9/29/2020 14:10,Online,47,47,0
NH,YouGov,9/18/2020,9/25/2020,9/29/2020 14:10,Online,52,44,8
GA,Quinnipiac University,9/23/2020,9/27/2020,9/29/2020 14:10,Live Phone,50,47,3
--,Morning Consult,9/25/2020,9/27/2020,9/29/2020 11:36,Online,51,44,7
--,J.L. Partners,9/14/2020,9/23/2020,9/29/2020 8:55,Online,51,41,10
PA,ABC News/Washington Post,9/21/2020,9/26/2020,9/29/2020 0:02,Live Phone,54,45,9
AK,Harstad Strategic Research Inc.,9/20/2020,9/23/2020,9/28/2020 17:26,Live Phone,46,47,-1
PA,NYT/Siena College,9/25/2020,9/27/2020,9/28/2020 17:26,Live Phone,49,40,9
WI,Trafalgar Group,9/22/2020,9/25/2020,9/28/2020 16:49,IVR,48,45,3
--,Monmouth University,9/24/2020,9/27/2020,9/28/2020 14:13,Live Phone,50,45,5
NC,Meredith College,9/18/2020,9/22/2020,9/28/2020 13:04,Online,46,45,1
TX,Public Policy Polling,9/25/2020,9/26/2020,9/28/2020 11:24,IVR,48,48,0
--,Echelon Insights,9/19/2020,9/25/2020,9/28/2020 11:24,Live Phone,50,41,9
NV,"University of Nevada, Las Vegas Lee Business School ",9/10/2020,9/25/2020,9/28/2020 11:24,Online,46,41,5
CA,Redfield & Wilton Strategies,9/19/2020,9/21/2020,9/27/2020 18:25,Online,62,28,34
--,USC Dornsife,9/13/2020,9/26/2020,9/27/2020 16:40,Online,51,42,9
SC,YouGov,9/22/2020,9/25/2020,9/27/2020 16:40,Online,42,52,-10
NC,YouGov,9/22/2020,9/25/2020,9/27/2020 16:40,Online,48,46,2
GA,YouGov,9/22/2020,9/25/2020,9/27/2020 16:40,Online,46,47,-1
--,NYT/Siena College,9/22/2020,9/24/2020,9/27/2020 16:40,Live Phone,49,41,8
--,ABC News/Washington Post,9/21/2020,9/24/2020,9/27/2020 16:40,Live Phone,49,43,6
WI,Marist College,9/20/2020,9/24/2020,9/27/2020 16:40,Live Phone,54,44,10
MI,Marist College,9/19/2020,9/23/2020,9/27/2020 16:40,Live Phone,52,44,8
MN,Mason-Dixon Polling & Strategy,9/21/2020,9/23/2020,9/26/2020 15:18,Live Phone,48,42,6
--,Ipsos,9/22/2020,9/24/2020,9/25/2020 18:22,Online,50,41,9
--,Ipsos,9/18/2020,9/22/2020,9/25/2020 18:22,Online,50,42,8
WI,Hart Research Associates,9/17/2020,9/19/2020,9/25/2020 18:22,Live Phone,51,44,7
PA,Hart Research Associates,9/17/2020,9/19/2020,9/25/2020 18:22,Live Phone,53,42,11
MI,Hart Research Associates,9/17/2020,9/19/2020,9/25/2020 18:22,Live Phone,50,45,5
FL,Hart Research Associates,9/17/2020,9/19/2020,9/25/2020 18:22,Live Phone,51,45,6
AZ,Hart Research Associates,9/17/2020,9/19/2020,9/25/2020 18:22,Live Phone,53,42,11
--,Redfield & Wilton Strategies,9/22/2020,9/23/2020,9/25/2020 18:22,Online,50,41,9
NV,ALG Research,9/15/2020,9/21/2020,9/25/2020 13:19,Live Phone,47,43,4
CA,"University of California, Berkeley",9/5/2020,9/15/2020,9/25/2020 13:19,Online,67,28,39
MD,OpinionWorks,9/4/2020,9/11/2020,9/25/2020 13:19,Online,62,30,32
TX,Data for Progress,9/15/2020,9/22/2020,9/25/2020 13:19,Online,45,46,-1
FL,Data for Progress,9/15/2020,9/22/2020,9/25/2020 13:19,Online,46,43,3
AZ,Data for Progress,9/15/2020,9/22/2020,9/25/2020 13:19,Online,45,46,-1
PA,Trafalgar Group,9/18/2020,9/21/2020,9/25/2020 13:19,IVR,48,46,2
ME,Colby College,9/17/2020,9/23/2020,9/25/2020 13:19,Live Phone,50,39,11
MN,Suffolk University,9/20/2020,9/24/2020,9/25/2020 13:19,Live Phone,47,40,7
PA,Fox News/Beacon Research/Shaw & Co. Research,9/20/2020,9/23/2020,9/24/2020 19:18,Live Phone,51,44,7
OH,Fox News/Beacon Research/Shaw & Co. Research,9/20/2020,9/23/2020,9/24/2020 19:18,Live Phone,50,45,5
NV,Fox News/Beacon Research/Shaw & Co. Research,9/20/2020,9/23/2020,9/24/2020 19:18,Live Phone,52,41,11
--,YouGov,9/21/2020,9/23/2020,9/24/2020 14:18,Live Phone,49,44,5
TX,Quinnipiac University,9/17/2020,9/21/2020,9/24/2020 14:18,Live Phone,45,50,-5
OH,Quinnipiac University,9/17/2020,9/21/2020,9/24/2020 14:18,Live Phone,48,47,1
MI,Data for Progress,9/14/2020,9/19/2020,9/24/2020 13:57,Online,50,44,6
KY,Data for Progress,9/14/2020,9/19/2020,9/24/2020 13:57,Online,38,56,-18
KS,Data for Progress,9/14/2020,9/19/2020,9/24/2020 13:57,Online,45,49,-4
GA,Data for Progress,9/14/2020,9/19/2020,9/24/2020 13:57,Online,46,46,0
AZ,Data Orbital,9/14/2020,9/17/2020,9/24/2020 13:57,Live Phone,49,47,2
MI,Trafalgar Group,9/20/2020,9/22/2020,9/24/2020 12:03,IVR,46,47,-1
IA,Monmouth University,9/18/2020,9/22/2020,9/24/2020 12:03,Live Phone,46,49,-3
VA,Christopher Newport University,9/9/2020,9/21/2020,9/24/2020 8:55,Live Phone,48,43,5
--,Global Strategy Group,9/17/2020,9/21/2020,9/24/2020 8:55,Online,53,42,11
WI,YouGov,9/10/2020,9/21/2020,9/24/2020 8:55,Online,50,46,4
PA,YouGov,9/10/2020,9/21/2020,9/24/2020 8:55,Online,49,45,4
MI,YouGov,9/10/2020,9/21/2020,9/24/2020 8:55,Online,51,45,6
TX,NYT/Siena College,9/16/2020,9/22/2020,9/24/2020 8:55,Live Phone,43,46,-3
IA,NYT/Siena College,9/16/2020,9/22/2020,9/24/2020 8:55,Live Phone,45,42,3
GA,NYT/Siena College,9/16/2020,9/22/2020,9/24/2020 8:55,Live Phone,45,45,0
PA,Franklin & Marshall College,9/14/2020,9/20/2020,9/23/2020 18:55,Live Phone/Online,48,42,6
PA,CPEC,9/15/2020,9/17/2020,9/23/2020 18:55,Live Phone,50,45,5
--,SSRS,8/25/2020,9/6/2020,9/23/2020 18:55,Live Phone,52,42,10
AZ,Ipsos,9/11/2020,9/17/2020,9/23/2020 16:23,Online,47,46,1
FL,Ipsos,9/11/2020,9/16/2020,9/23/2020 16:23,Online,47,47,0
WI,Baldwin Wallace University,9/8/2020,9/22/2020,9/23/2020 16:23,Online,50,41,9
PA,Baldwin Wallace University,9/8/2020,9/22/2020,9/23/2020 16:23,Online,47,45,2
MI,Baldwin Wallace University,9/8/2020,9/22/2020,9/23/2020 16:23,Online,50,42,8
OH,Baldwin Wallace University,9/8/2020,9/22/2020,9/23/2020 16:23,Online,45,44,1
NC,Harper Polling,9/17/2020,9/20/2020,9/23/2020 15:28,Online,44,45,-1
--,Quinnipiac University,9/17/2020,9/21/2020,9/23/2020 14:10,Live Phone,52,42,10
--,Marquette University Law School,9/8/2020,9/15/2020,9/23/2020 13:30,Live Phone,50,40,10
GA,Monmouth University,9/17/2020,9/21/2020,9/23/2020 11:23,Live Phone,46,49,-3
FL,St Pete Polls,9/21/2020,9/22/2020,9/23/2020 11:23,IVR,50,47,3
--,YouGov,9/20/2020,9/22/2020,9/23/2020 11:23,Online,49,42,7
WI,Change Research,9/18/2020,9/20/2020,9/23/2020 11:23,Online,51,42,9
PA,Change Research,9/18/2020,9/20/2020,9/23/2020 11:23,Online,49,45,4
NC,Change Research,9/18/2020,9/20/2020,9/23/2020 11:23,Online,48,46,2
MI,Change Research,9/18/2020,9/20/2020,9/23/2020 11:23,Online,51,43,8
FL,Change Research,9/18/2020,9/20/2020,9/23/2020 11:23,Online,49,46,3
AZ,Change Research,9/18/2020,9/20/2020,9/23/2020 11:23,Online,49,43,6
--,Change Research,9/18/2020,9/20/2020,9/23/2020 11:23,Online,51,42,9
FL,ABC News/Washington Post,9/15/2020,9/20/2020,9/23/2020 11:23,Live Phone,47,51,-4
AZ,ABC News/Washington Post,9/15/2020,9/20/2020,9/23/2020 11:23,Live Phone,48,49,-1
--,Climate Nexus,9/8/2020,9/9/2020,9/23/2020 11:23,Online,52,41,11
NC,Ipsos,9/11/2020,9/16/2020,9/22/2020 16:25,Online,47,47,0
MI,Ipsos,9/11/2020,9/16/2020,9/22/2020 16:25,Online,49,44,5
WA,Strategies 360,9/8/2020,9/14/2020,9/22/2020 11:33,Live Phone/Online,58,36,22
MI,Market Research Group,9/14/2020,9/19/2020,9/22/2020 11:33,Live Phone,46,41,5
VT,Braun Research,9/3/2020,9/15/2020,9/22/2020 8:53,Live Phone,56,32,24
SC,Morning Consult,9/11/2020,9/20/2020,9/22/2020 8:53,Online,44,50,-6
IA,Selzer & Co.,9/14/2020,9/17/2020,9/22/2020 8:53,Live Phone,47,47,0
GA,University of Georgia,9/11/2020,9/20/2020,9/22/2020 8:53,Live Phone,47,47,0
WI,Ipsos,9/11/2020,9/16/2020,9/21/2020 19:32,Online,48,43,5
PA,Ipsos,9/11/2020,9/16/2020,9/21/2020 19:32,Online,49,46,3
--,Hart Research Associates,9/3/2020,9/7/2020,9/21/2020 19:32,Online,51,43,8
--,IBD/TIPP,9/16/2020,9/19/2020,9/21/2020 11:55,Online,50,44,6
ME,Suffolk University,9/17/2020,9/20/2020,9/21/2020 11:54,Live Phone,51,39,12
GA,GBAO,9/14/2020,9/16/2020,9/21/2020 11:54,Live Phone,49,46,3
--,Morning Consult,9/18/2020,9/20/2020,9/21/2020 8:55,Online,48,41,7
--,USC Dornsife,9/14/2020,9/20/2020,9/21/2020 8:55,Online,51,42,9
LA,The Tyson Group,9/2/2020,9/5/2020,9/21/2020 8:50,Live Phone,42,48,-6
MS,The Tyson Group,8/28/2020,8/30/2020,9/21/2020 8:50,Live Phone,40,50,-10
TX,The Tyson Group,8/20/2020,8/25/2020,9/21/2020 8:50,Live Phone,48,44,4
AL,The Tyson Group,8/17/2020,8/18/2020,9/21/2020 8:50,Live Phone,44,48,-4
FL,The Tyson Group,8/11/2020,8/15/2020,9/21/2020 8:50,Live Phone,46,44,2
TX,YouGov,9/15/2020,9/18/2020,9/20/2020 14:45,Online,46,48,-2
FL,YouGov,9/15/2020,9/18/2020,9/20/2020 14:45,Online,48,46,2
PA,Trafalgar Group,9/15/2020,9/17/2020,9/20/2020 14:45,IVR,47,45,2
MN,Redfield & Wilton Strategies,9/12/2020,9/17/2020,9/20/2020 14:45,Online,51,42,9
MT,NYT/Siena College,9/14/2020,9/16/2020,9/20/2020 14:45,Live Phone,42,49,-7
--,NBC News/Wall Street Journal,9/13/2020,9/16/2020,9/20/2020 14:45,Live Phone,51,43,8
GA,Redfield & Wilton Strategies,9/12/2020,9/18/2020,9/20/2020 14:45,Online,45,46,-1
MO,Remington Research Group,9/16/2020,9/17/2020,9/19/2020 8:50,Online,45,53,-8
--,Redfield & Wilton Strategies,9/16/2020,9/17/2020,9/19/2020 8:50,Online,49,42,7
PA,Climate Nexus,9/8/2020,9/11/2020,9/19/2020 8:50,Online,48,43,5
--,YouGov,9/15/2020,9/17/2020,9/18/2020 15:59,Online,47,41,6
--,Ipsos,9/15/2020,9/17/2020,9/18/2020 14:59,Online,51,42,9
WI,Redfield & Wilton Strategies,9/12/2020,9/16/2020,9/18/2020 14:20,Online,47,41,6
AZ,Redfield & Wilton Strategies,9/12/2020,9/16/2020,9/18/2020 14:20,Online,47,42,5
NC,Redfield & Wilton Strategies,9/12/2020,9/16/2020,9/18/2020 14:20,Online,47,45,2
PA,Redfield & Wilton Strategies,9/12/2020,9/16/2020,9/18/2020 14:20,Online,49,44,5
MI,Redfield & Wilton Strategies,9/12/2020,9/16/2020,9/18/2020 14:20,Online,49,39,10
FL,Redfield & Wilton Strategies,9/12/2020,9/16/2020,9/18/2020 14:20,Online,47,44,3
--,Global Strategy Group,9/10/2020,9/14/2020,9/18/2020 13:46,Online,53,42,11
WI,Civiqs,9/11/2020,9/15/2020,9/18/2020 13:43,Online,51,44,7
PA,Civiqs,9/11/2020,9/15/2020,9/18/2020 13:43,Online,52,45,7
OH,Civiqs,9/11/2020,9/15/2020,9/18/2020 13:43,Online,45,48,-3
MI,Civiqs,9/11/2020,9/15/2020,9/18/2020 13:43,Online,53,42,11
--,Data for Progress,9/15/2020,9/15/2020,9/18/2020 13:42,Online,53,42,11
--,Marist College,9/11/2020,9/16/2020,9/18/2020 13:41,Live Phone,52,43,9
NC,NYT/Siena College,9/11/2020,9/16/2020,9/18/2020 8:50,Live Phone,45,44,1
ME,NYT/Siena College,9/11/2020,9/16/2020,9/18/2020 8:50,Live Phone,55,38,17
AZ,NYT/Siena College,9/10/2020,9/15/2020,9/18/2020 8:50,Live Phone,49,40,9
MI,EPIC-MRA,9/10/2020,9/15/2020,9/18/2020 8:50,Live Phone,48,40,8
AZ,Monmouth University,9/11/2020,9/15/2020,9/17/2020 13:30,Live Phone,48,47,1
CA,Public Policy Institute of California,9/4/2020,9/13/2020,9/17/2020 8:55,Live Phone,60,31,29
UT,RMG Research,9/7/2020,9/12/2020,9/17/2020 8:55,Online,35,53,-18
NC,Suffolk University,9/11/2020,9/14/2020,9/17/2020 8:55,Live Phone,46,43,3
NC,Kaiser Family Foundation,8/29/2020,9/13/2020,9/17/2020 8:55,Live Phone,45,43,2
FL,Kaiser Family Foundation,8/29/2020,9/13/2020,9/17/2020 8:55,Live Phone,43,42,1
AZ,Kaiser Family Foundation,8/29/2020,9/13/2020,9/17/2020 8:55,Live Phone,45,40,5
SC,Quinnipiac University,9/10/2020,9/14/2020,9/16/2020 14:45,Live Phone,45,51,-6
ME,Quinnipiac University,9/10/2020,9/14/2020,9/16/2020 14:45,Live Phone,59,38,21
KY,Quinnipiac University,9/10/2020,9/14/2020,9/16/2020 14:45,Live Phone,38,58,-20
--,Ipsos,9/11/2020,9/15/2020,9/16/2020 10:52,Online,50,41,9
CA,David Binder Research,8/22/2020,8/24/2020,9/16/2020 8:55,Online,61,31,30
--,YouGov,9/13/2020,9/15/2020,9/16/2020 8:52,Online,51,42,9
WI,ABC News/Washington Post,9/8/2020,9/13/2020,9/16/2020 8:52,Live Phone,52,46,6
MN,ABC News/Washington Post,9/8/2020,9/13/2020,9/16/2020 8:52,Live Phone,57,41,16
VA,Virginia Commonwealth University,8/28/2020,9/7/2020,9/15/2020 14:07,Live Phone,53,39,14
FL,Monmouth University,9/10/2020,9/13/2020,9/15/2020 13:07,Live Phone,50,46,4
WI,SSRS,9/9/2020,9/13/2020,9/15/2020 12:30,Live Phone,52,42,10
NC,SSRS,9/9/2020,9/13/2020,9/15/2020 12:30,Live Phone,49,46,3
--,NORC,7/6/2020,7/28/2020,9/15/2020 9:38,Live Phone,48,34,14
FL,Florida Atlantic University,9/11/2020,9/12/2020,9/15/2020 9:36,IVR/Online,50,50,0
MN,Morning Consult,9/4/2020,9/13/2020,9/15/2020 9:35,Online,48,44,4
--,Morning Consult,9/11/2020,9/13/2020,9/15/2020 9:35,Online,51,43,8
--,RMG Research,9/10/2020,9/12/2020,9/14/2020 16:45,Online,48,43,5
NC,SurveyUSA,9/10/2020,9/13/2020,9/14/2020 16:45,Online,47,47,0
NC,Trafalgar Group,9/9/2020,9/11/2020,9/14/2020 16:45,IVR,46,48,-2
CO,Global Strategy Group,8/28/2020,9/1/2020,9/14/2020 10:40,Online,50,39,11
AZ,OH Predictive Insights,9/8/2020,9/10/2020,9/14/2020 9:14,Live Phone,52,42,10
--,USC Dornsife,9/6/2020,9/12/2020,9/13/2020 11:40,Online,52,42,10
WI,Morning Consult,9/3/2020,9/12/2020,9/13/2020 11:40,Online,50,43,7
MN,YouGov,9/9/2020,9/11/2020,9/13/2020 11:40,Online,50,41,9
AZ,YouGov,9/9/2020,9/11/2020,9/13/2020 11:40,Online,47,44,3
--,Fox News/Beacon Research/Shaw & Co. Research,9/7/2020,9/10/2020,9/13/2020 11:40,Live Phone,51,46,5
AZ,Gravis Marketing,9/10/2020,9/11/2020,9/12/2020 8:00,IVR,50,48,2
NH,NYT/Siena College,9/8/2020,9/10/2020,9/12/2020 8:00,Live Phone,45,42,3
WI,NYT/Siena College,9/8/2020,9/10/2020,9/12/2020 8:00,Live Phone,48,43,5
NV,NYT/Siena College,9/8/2020,9/10/2020,9/12/2020 8:00,Live Phone,46,42,4
MN,NYT/Siena College,9/8/2020,9/10/2020,9/12/2020 8:00,Live Phone,50,41,9
--,YouGov,9/9/2020,9/11/2020,9/11/2020 17:42,Online,49,39,10
OR,DHM Research,9/3/2020,9/8/2020,9/11/2020 17:12,Online,51,39,12
--,Opimium,9/4/2020,9/10/2020,9/11/2020 12:39,Online,51,42,9
IN,Change Research,9/3/2020,9/7/2020,9/10/2020 22:40,Online,30,53,-23
PA,TargetSmart,9/3/2020,9/6/2020,9/10/2020 15:10,Live Phone/Online,51,44,7
--,Monmouth University,9/3/2020,9/8/2020,9/10/2020 11:15,Live Phone,51,44,7
FL,Benenson Strategy Group/GS Strategy Group,8/28/2020,9/8/2020,9/10/2020 10:08,Live Phone,48,46,2
AZ,Benenson Strategy Group/GS Strategy Group,8/28/2020,9/8/2020,9/10/2020 10:08,Live Phone,48,47,1
MI,Benenson Strategy Group/GS Strategy Group,8/28/2020,9/8/2020,9/10/2020 10:08,Live Phone,50,43,7
PA,Benenson Strategy Group/GS Strategy Group,8/28/2020,9/8/2020,9/10/2020 10:08,Live Phone,49,46,3
WI,Benenson Strategy Group/GS Strategy Group,8/28/2020,9/8/2020,9/10/2020 10:08,Live Phone,50,45,5
NC,Benenson Strategy Group/GS Strategy Group,8/28/2020,9/8/2020,9/10/2020 10:08,Live Phone,48,48,0
IA,Fabrizio Ward/Hart Research Associates,8/30/2020,9/5/2020,9/10/2020 10:08,Live Phone,45,47,-2
GA,Fabrizio Ward/Hart Research Associates,8/30/2020,9/5/2020,9/10/2020 10:08,Live Phone,47,46,1
CO,Fabrizio Ward/Hart Research Associates,8/30/2020,9/5/2020,9/10/2020 10:08,Live Phone,50,40,10
ME,Fabrizio Ward/Hart Research Associates,8/30/2020,9/5/2020,9/10/2020 10:08,Live Phone,54,40,14
MT,Fabrizio Ward/Hart Research Associates,8/30/2020,9/5/2020,9/10/2020 10:08,Live Phone,43,50,-7
--,Kaiser Family Foundation,8/28/2020,9/3/2020,9/10/2020 9:08,Live Phone,48,43,5
--,Redfield & Wilton Strategies,9/7/2020,9/8/2020,9/9/2020 23:30,Online,49,40,9
OK,SoonerPoll,9/2/2020,9/8/2020,9/9/2020 23:25,Live Phone/Online,35,60,-25
MN,SurveyUSA,9/4/2020,9/7/2020,9/9/2020 18:37,Online,49,40,9
--,The Harris Poll,8/31/2020,9/2/2020,9/9/2020 14:19,Online,54,46,8
FL,St Pete Polls,9/7/2020,9/8/2020,9/9/2020 14:13,IVR,50,47,3
WI,Marquette University Law School,8/30/2020,9/3/2020,9/9/2020 13:25,Live Phone,47,43,4
--,Research Co.,9/4/2020,9/6/2020,9/9/2020 10:05,Online,49,41,8
--,YouGov,9/6/2020,9/8/2020,9/9/2020 8:42,Online,52,43,9
--,Ipsos,9/2/2020,9/8/2020,9/9/2020 8:26,Online,52,40,12
PA,Marist College,8/31/2020,9/7/2020,9/9/2020 8:25,Live Phone,53,44,9
TX,Morning Consult,8/29/2020,9/7/2020,9/9/2020 8:22,Online,46,46,0
PA,Morning Consult,8/29/2020,9/7/2020,9/9/2020 8:22,Online,50,45,5
OH,Morning Consult,8/29/2020,9/7/2020,9/9/2020 8:22,Online,45,50,-5
NC,Morning Consult,8/29/2020,9/7/2020,9/9/2020 8:22,Online,48,47,1
MN,Morning Consult,8/29/2020,9/7/2020,9/9/2020 8:22,Online,49,44,5
MI,Morning Consult,8/29/2020,9/7/2020,9/9/2020 8:22,Online,52,42,10
GA,Morning Consult,8/29/2020,9/7/2020,9/9/2020 8:22,Online,46,48,-2
FL,Morning Consult,8/29/2020,9/7/2020,9/9/2020 8:22,Online,50,45,5
CO,Morning Consult,8/29/2020,9/7/2020,9/9/2020 8:22,Online,49,43,6
AZ,Morning Consult,8/29/2020,9/7/2020,9/9/2020 8:22,Online,49,46,3
--,Change Research,9/4/2020,9/6/2020,9/9/2020 8:19,Online,49,43,6
WI,Change Research,9/4/2020,9/6/2020,9/9/2020 8:19,Online,50,44,6
PA,Change Research,9/4/2020,9/6/2020,9/9/2020 8:19,Online,50,46,4
NC,Change Research,9/4/2020,9/6/2020,9/9/2020 8:19,Online,49,47,2
MI,Change Research,9/4/2020,9/6/2020,9/9/2020 8:19,Online,49,43,6
FL,Change Research,9/4/2020,9/6/2020,9/9/2020 8:19,Online,49,46,3
AZ,Change Research,9/4/2020,9/6/2020,9/9/2020 8:19,Online,49,45,4
MI,Glengariff Group,9/1/2020,9/3/2020,9/8/2020 17:44,IVR,47,42,5
WI,Redfield & Wilton Strategies,8/21/2020,9/3/2020,9/8/2020 15:44,Online,50,41,9
AZ,Redfield & Wilton Strategies,8/21/2020,9/3/2020,9/8/2020 15:44,Online,48,43,5
PA,Redfield & Wilton Strategies,8/21/2020,9/3/2020,9/8/2020 15:44,Online,48,43,5
NC,Redfield & Wilton Strategies,8/21/2020,9/3/2020,9/8/2020 15:44,Online,43,44,-1
MI,Redfield & Wilton Strategies,8/21/2020,9/3/2020,9/8/2020 15:44,Online,51,40,11
FL,Redfield & Wilton Strategies,8/21/2020,9/3/2020,9/8/2020 15:44,Online,47,44,3
FL,GQR Research,8/26/2020,9/3/2020,9/8/2020 14:44,Online,51,46,5
TX,Public Policy Polling,8/1/2020,8/2/2020,9/8/2020 13:49,IVR,47,48,-1
FL,Marist College,8/31/2020,9/6/2020,9/8/2020 13:15,Live Phone,48,48,0
MO,We Ask America,9/1/2020,9/3/2020,9/8/2020 12:52,Live Phone,44,49,-5
PA,Susquehanna Polling & Research Inc.,8/28/2020,9/4/2020,9/8/2020 12:50,Live Phone/Online,44,42,2
WI,Morning Consult,8/28/2020,9/6/2020,9/7/2020 21:06,Online,51,43,8
ID,Spry Strategies,8/29/2020,9/1/2020,9/7/2020 14:06,IVR,34,60,-26
CA,Spry Strategies,8/29/2020,9/1/2020,9/7/2020 14:06,IVR,56,39,17
--,USC Dornsife,8/31/2020,9/6/2020,9/7/2020 10:47,Online,52,42,10
--,Morning Consult,9/4/2020,9/6/2020,9/7/2020 8:22,Online,50,44,6
WI,YouGov,9/2/2020,9/4/2020,9/6/2020 10:36,Online,50,44,6
--,YouGov,9/2/2020,9/4/2020,9/6/2020 10:36,Online,52,42,10
TX,University of Texas at Tyler,8/28/2020,9/2/2020,9/6/2020 10:33,Live Phone/Online,49,48,1
NM,Research & Polling Inc.,8/26/2020,9/2/2020,9/6/2020 10:33,Live Phone,54,39,15
--,University of Maryland,8/24/2020,8/28/2020,9/4/2020 18:41,Online,50,37,13
MN,Public Policy Polling,9/3/2020,9/4/2020,9/4/2020 17:45,IVR,52,44,8
--,Data for Progress,9/1/2020,9/1/2020,9/4/2020 17:30,Online,53,43,10
PA,Hodas & Associates,8/26/2020,8/31/2020,9/4/2020 14:45,Live Phone,51,45,6
WI,Hodas & Associates,8/11/2020,8/17/2020,9/4/2020 14:45,Live Phone,52,44,8
MI,Hodas & Associates,8/11/2020,8/15/2020,9/4/2020 14:45,Live Phone,52,41,11
FL,Trafalgar Group,9/1/2020,9/3/2020,9/4/2020 14:45,IVR,46,49,-3
TX,Data for Progress,8/20/2020,8/25/2020,9/4/2020 14:44,Online,48,45,3
--,Global Strategy Group,8/27/2020,9/1/2020,9/4/2020 7:52,Online,52,43,9
PA,Quinnipiac University,8/28/2020,9/1/2020,9/3/2020 14:07,Live Phone,52,44,8
FL,Quinnipiac University,8/28/2020,9/1/2020,9/3/2020 14:07,Live Phone,48,45,3
NC,Monmouth University,8/29/2020,9/1/2020,9/3/2020 11:42,Live Phone,48,46,2
MN,Harper Polling,8/30/2020,9/1/2020,9/3/2020 8:54,Online,48,45,3
WI,Fox News/Beacon Research/Shaw & Co. Research,8/29/2020,9/1/2020,9/2/2020 18:15,Live Phone,50,42,8
NC,Fox News/Beacon Research/Shaw & Co. Research,8/29/2020,9/1/2020,9/2/2020 18:15,Live Phone,50,46,4
AZ,Fox News/Beacon Research/Shaw & Co. Research,8/29/2020,9/1/2020,9/2/2020 18:15,Live Phone,49,40,9
--,SSRS,8/28/2020,9/1/2020,9/2/2020 17:26,Live Phone,51,43,8
--,Quinnipiac University,8/28/2020,8/31/2020,9/2/2020 14:34,Live Phone,52,42,10
WI,Opinium,8/21/2020,8/28/2020,9/2/2020 14:25,Online,53,40,13
FL,Opinium,8/21/2020,8/26/2020,9/2/2020 14:25,Online,50,43,7
--,IBD/TIPP,8/30/2020,9/1/2020,9/2/2020 12:16,Online,49,41,8
PA,Monmouth University,8/28/2020,8/31/2020,9/2/2020 11:08,Live Phone,49,46,3
--,Ipsos,8/31/2020,9/1/2020,9/2/2020 8:36,Online,47,40,7
--,Suffolk University,8/28/2020,8/31/2020,9/2/2020 8:36,Live Phone,50,43,7
--,Selzer & Co.,8/26/2020,8/30/2020,9/2/2020 8:36,Live Phone,49,41,8
--,Opinium,8/21/2020,8/25/2020,9/2/2020 8:36,Online,56,41,15
--,YouGov,8/30/2020,9/1/2020,9/2/2020 8:00,Online,51,40,11
--,Redfield & Wilton Strategies,8/31/2020,9/1/2020,9/1/2020 19:50,Online,49,41,8
NC,East Carolina University,8/29/2020,8/30/2020,9/1/2020 16:21,Online,47,49,-2
MI,Public Policy Polling,8/28/2020,8/29/2020,9/1/2020 16:20,IVR,48,44,4
MT,Expedition Strategies,8/22/2020,8/27/2020,9/1/2020 13:21,Live Phone,44,48,-4
NV,"University of Nevada, Las Vegas Lee Business School ",8/20/2020,8/30/2020,9/1/2020 11:34,Online,44,39,5
GA,Landmark Communications,8/29/2020,8/31/2020,9/1/2020 9:11,Live Phone,41,48,-7
FL,Morning Consult,8/21/2020,8/30/2020,9/1/2020 8:37,Online,49,47,2
PA,Morning Consult,8/21/2020,8/30/2020,9/1/2020 8:37,Online,49,45,4
NC,Morning Consult,8/21/2020,8/30/2020,9/1/2020 8:37,Online,49,47,2
OH,Morning Consult,8/21/2020,8/30/2020,9/1/2020 8:37,Online,45,50,-5
MN,Morning Consult,8/21/2020,8/30/2020,9/1/2020 8:37,Online,50,43,7
TX,Morning Consult,8/21/2020,8/30/2020,9/1/2020 8:37,Online,47,48,-1
CO,Morning Consult,8/21/2020,8/30/2020,9/1/2020 8:37,Online,51,41,10
WI,Morning Consult,8/21/2020,8/30/2020,9/1/2020 8:37,Online,52,43,9
MI,Morning Consult,8/21/2020,8/30/2020,9/1/2020 8:37,Online,52,42,10
GA,Morning Consult,8/21/2020,8/30/2020,9/1/2020 8:37,Online,49,46,3
AZ,Morning Consult,8/21/2020,8/30/2020,9/1/2020 8:37,Online,52,42,10
FL,Morning Consult,8/7/2020,8/16/2020,9/1/2020 8:37,Online,50,45,5
PA,Morning Consult,8/7/2020,8/16/2020,9/1/2020 8:37,Online,50,44,6
NC,Morning Consult,8/7/2020,8/16/2020,9/1/2020 8:37,Online,49,46,3
OH,Morning Consult,8/7/2020,8/16/2020,9/1/2020 8:37,Online,45,49,-4
MN,Morning Consult,8/7/2020,8/16/2020,9/1/2020 8:37,Online,50,42,8
TX,Morning Consult,8/7/2020,8/16/2020,9/1/2020 8:37,Online,46,47,-1
CO,Morning Consult,8/7/2020,8/16/2020,9/1/2020 8:37,Online,51,41,10
MI,Morning Consult,8/7/2020,8/16/2020,9/1/2020 8:37,Online,50,44,6
GA,Morning Consult,8/7/2020,8/16/2020,9/1/2020 8:37,Online,46,47,-1
AZ,Morning Consult,8/7/2020,8/16/2020,9/1/2020 8:37,Online,45,47,-2
--,Morning Consult,8/28/2020,8/30/2020,9/1/2020 8:37,Online,51,43,8
--,RMG Research,8/27/2020,8/29/2020,8/31/2020 14:16,Online,49,43,6
PA,Global Strategy Group,8/13/2020,8/19/2020,8/31/2020 12:15,Online,50,42,8
GA,Public Policy Polling,8/24/2020,8/25/2020,8/31/2020 12:12,IVR,47,46,1
MO,Trafalgar Group,8/26/2020,8/28/2020,8/31/2020 10:13,IVR,41,52,-11
PA,GQR Research,8/20/2020,8/24/2020,8/31/2020 10:13,Online,52,43,9
--,USC Dornsife,8/24/2020,8/30/2020,8/31/2020 8:55,Online,53,41,12
--,YouGov,8/27/2020,8/28/2020,8/29/2020 13:55,Online,47,41,6
--,Morning Consult,8/29/2020,8/29/2020,8/29/2020 12:15,Online,50,44,6
--,Redfield & Wilton Strategies,8/25/2020,8/26/2020,8/28/2020 12:31,Online,49,39,10
MI,Trafalgar Group,8/14/2020,8/23/2020,8/28/2020 12:30,IVR,45,47,-2
--,Global Strategy Group,8/21/2020,8/24/2020,8/28/2020 8:44,Online,54,41,13
PA,Franklin & Marshall College,8/17/2020,8/23/2020,8/27/2020 10:58,Live Phone/Online,49,42,7
VA,Roanoke College,8/9/2020,8/22/2020,8/26/2020 11:50,Live Phone,53,39,14
--,YouGov,8/23/2020,8/25/2020,8/26/2020 8:50,Online,50,41,9
--,Ipsos,8/19/2020,8/25/2020,8/26/2020 8:49,Online,47,40,7
WI,Change Research,8/21/2020,8/23/2020,8/26/2020 8:46,Online,49,44,5
PA,Change Research,8/21/2020,8/23/2020,8/26/2020 8:46,Online,49,46,3
NC,Change Research,8/21/2020,8/23/2020,8/26/2020 8:46,Online,48,47,1
MI,Change Research,8/21/2020,8/23/2020,8/26/2020 8:46,Online,50,44,6
FL,Change Research,8/21/2020,8/23/2020,8/26/2020 8:46,Online,49,46,3
AZ,Change Research,8/21/2020,8/23/2020,8/26/2020 8:46,Online,49,47,2
--,Change Research,8/21/2020,8/23/2020,8/26/2020 8:46,Online,51,43,8
WI,Trafalgar Group,8/14/2020,8/23/2020,8/26/2020 8:40,IVR,45,46,-1
DE,Public Policy Polling,8/21/2020,8/22/2020,8/25/2020 9:08,IVR,58,37,21
FL,Public Policy Polling,8/21/2020,8/22/2020,8/25/2020 9:08,IVR,48,44,4
NY,Public Policy Polling,8/21/2020,8/22/2020,8/25/2020 9:08,IVR,63,32,31
--,Morning Consult,8/21/2020,8/23/2020,8/24/2020 17:39,Online,52,42,10
NC,Morning Consult,8/14/2020,8/23/2020,8/24/2020 17:38,Online,49,46,3
TX,Public Policy Polling,8/21/2020,8/22/2020,8/24/2020 15:53,IVR,48,47,1
LA,Trafalgar Group,8/13/2020,8/17/2020,8/24/2020 15:52,IVR,38,54,-16
--,YouGov,8/21/2020,8/23/2020,8/24/2020 15:51,Online,50,39,11
OH,TargetSmart,7/28/2020,8/3/2020,8/24/2020 10:17,Online,47,46,1
--,USC Dornsife,8/17/2020,8/23/2020,8/24/2020 8:28,Online,52,40,12
--,YouGov,8/20/2020,8/22/2020,8/23/2020 10:08,Online,52,42,10
--,Redfield & Wilton Strategies,8/19/2020,8/20/2020,8/21/2020 19:08,Online,49,39,10
WI,Redfield & Wilton Strategies,8/16/2020,8/19/2020,8/21/2020 19:08,Online,49,39,10
MI,Redfield & Wilton Strategies,8/16/2020,8/18/2020,8/21/2020 19:08,Online,50,38,12
AZ,Redfield & Wilton Strategies,8/16/2020,8/18/2020,8/21/2020 19:08,Online,47,38,9
PA,Redfield & Wilton Strategies,8/16/2020,8/17/2020,8/21/2020 19:08,Online,48,41,7
NC,Redfield & Wilton Strategies,8/16/2020,8/17/2020,8/21/2020 19:08,Online,44,46,-2
FL,Redfield & Wilton Strategies,8/16/2020,8/16/2020,8/21/2020 19:08,Online,49,41,8
WI,Civiqs,8/13/2020,8/17/2020,8/21/2020 15:37,Online,51,45,6
PA,Civiqs,8/13/2020,8/17/2020,8/21/2020 15:37,Online,51,44,7
OH,Civiqs,8/13/2020,8/17/2020,8/21/2020 15:37,Online,47,47,0
MI,Civiqs,8/13/2020,8/17/2020,8/21/2020 15:37,Online,49,46,3
NH,Saint Anselm College,8/15/2020,8/17/2020,8/20/2020 19:21,Online,51,43,8
PA,Muhlenberg College,8/11/2020,8/17/2020,8/20/2020 14:12,Live Phone,49,45,4
--,Echelon Insights,8/14/2020,8/18/2020,8/20/2020 12:12,Online,51,38,13
TX,Global Strategy Group,8/11/2020,8/13/2020,8/20/2020 12:11,Online,47,45,2
--,Data for Progress,8/13/2020,8/14/2020,8/20/2020 11:59,Online,50,41,9
NJ,DKC Analytics,8/5/2020,8/13/2020,8/20/2020 9:59,Online,52,33,19
MN,Trafalgar Group,8/16/2020,8/18/2020,8/20/2020 9:59,IVR,47,47,0
--,Ipsos,8/14/2020,8/18/2020,8/19/2020 16:58,Online,48,40,8
LA,ALG Research,8/6/2020,8/12/2020,8/19/2020 12:57,Online,43,50,-7
--,YouGov,8/16/2020,8/18/2020,8/19/2020 8:43,Online,50,40,10
WI,Morning Consult,8/7/2020,8/16/2020,8/17/2020 20:08,Online,49,43,6
--,Morning Consult,8/14/2020,8/16/2020,8/17/2020 20:06,Online,51,43,8
--,Redfield & Wilton Strategies,8/12/2020,8/12/2020,8/17/2020 17:48,Online,48,41,7
--,YouGov,8/14/2020,8/15/2020,8/17/2020 16:24,Online,50,41,9
GA,Landmark Communications,8/14/2020,8/15/2020,8/17/2020 16:23,Live Phone,45,47,-2
TX,YouGov,8/4/2020,8/13/2020,8/17/2020 9:56,Online,41,48,-7
--,ABC News/Washington Post,8/12/2020,8/15/2020,8/16/2020 23:03,Live Phone,54,44,10
--,ABC News/Washington Post,8/12/2020,8/15/2020,8/16/2020 23:03,Live Phone,53,41,12
--,SSRS,8/12/2020,8/15/2020,8/16/2020 20:28,Live Phone,50,46,4
NC,East Carolina University,8/12/2020,8/13/2020,8/16/2020 20:27,Online,47,47,0
--,YouGov,8/12/2020,8/14/2020,8/16/2020 10:44,Online,52,42,10
--,NBC News/Wall Street Journal,8/9/2020,8/12/2020,8/16/2020 10:44,Live Phone,50,41,9
CT,SurveyUSA,5/19/2020,5/24/2020,8/16/2020 10:43,Online,52,32,20
CA,Redfield & Wilton Strategies,8/9/2020,8/9/2020,8/14/2020 16:14,Online,61,25,36
--,Data for Progress,8/11/2020,8/11/2020,8/14/2020 9:14,Online,52,40,12
--,Marist College,8/3/2020,8/11/2020,8/14/2020 8:53,Live Phone,53,42,11
--,Global Strategy Group,8/6/2020,8/10/2020,8/14/2020 8:52,Online,52,42,10
MA,YouGov,7/31/2020,8/7/2020,8/14/2020 8:51,Online,61,28,33
--,Fox News/Beacon Research/Shaw & Co. Research,8/9/2020,8/12/2020,8/13/2020 19:22,Live Phone,49,42,7
--,Leger,8/4/2020,8/7/2020,8/13/2020 19:22,Online,47,39,8
CA,SurveyUSA,8/12/2020,8/12/2020,8/13/2020 14:40,Online,56,28,28
NC,Harper Polling,8/6/2020,8/10/2020,8/13/2020 14:39,Online,45,44,1
MS,Garin-Hart-Yang Research Group,7/30/2020,8/9/2020,8/13/2020 14:38,Live Phone,43,53,-10
--,Pew Research Center,7/27/2020,8/2/2020,8/13/2020 14:37,Online,53,45,8
--,Ipsos,8/10/2020,8/11/2020,8/12/2020 16:16,Online,47,38,9
KS,SurveyUSA,8/5/2020,8/9/2020,8/12/2020 15:30,Online,41,48,-7
--,YouGov Blue,7/21/2020,7/27/2020,8/12/2020 15:29,Online,51,45,6
MA,MassInc Polling Group,8/6/2020,8/9/2020,8/12/2020 10:53,Live Phone,63,27,36
WI,Change Research,8/7/2020,8/9/2020,8/12/2020 10:51,Online,47,43,4
PA,Change Research,8/7/2020,8/9/2020,8/12/2020 10:51,Online,48,44,4
NC,Change Research,8/7/2020,8/9/2020,8/12/2020 10:51,Online,47,48,-1
MI,Change Research,8/7/2020,8/9/2020,8/12/2020 10:51,Online,48,43,5
FL,Change Research,8/7/2020,8/9/2020,8/12/2020 10:51,Online,50,44,6
AZ,Change Research,8/7/2020,8/9/2020,8/12/2020 10:51,Online,45,44,1
--,Change Research,8/7/2020,8/9/2020,8/12/2020 10:51,Online,50,44,6
--,YouGov,8/9/2020,8/11/2020,8/12/2020 10:44,Online,49,39,10
--,Monmouth University,8/6/2020,8/10/2020,8/11/2020 13:59,Live Phone,51,41,10
ME,Critical Insights,7/28/2020,8/9/2020,8/11/2020 13:57,Online,44,36,8
WI,Marquette University Law School,8/4/2020,8/9/2020,8/11/2020 13:57,Live Phone,49,44,5
GA,SurveyUSA,8/6/2020,8/8/2020,8/11/2020 8:00,Online,46,44,2
AZ,Trafalgar Group,8/5/2020,8/8/2020,8/10/2020 16:43,IVR,45,48,-3
--,RMG Research,8/6/2020,8/8/2020,8/10/2020 15:27,Online,45,37,8
ME,RMG Research,7/27/2020,8/2/2020,8/10/2020 15:27,Online,50,39,11
--,Morning Consult,8/7/2020,8/9/2020,8/10/2020 15:23,Online,51,43,8
--,Georgetown University Battleground Poll,8/1/2020,8/6/2020,8/10/2020 12:30,Live Phone,50,42,8
AZ,OH Predictive Insights,8/3/2020,8/4/2020,8/10/2020 10:25,Live Phone,49,45,4
WI,YouGov,7/27/2020,8/6/2020,8/10/2020 7:10,Online,49,43,6
PA,YouGov,7/27/2020,8/6/2020,8/10/2020 7:10,Online,50,41,9
MI,YouGov,7/27/2020,8/6/2020,8/10/2020 7:10,Online,47,43,4
WI,YouGov,8/4/2020,8/7/2020,8/9/2020 17:53,Online,48,42,6
PA,YouGov,8/4/2020,8/7/2020,8/9/2020 17:53,Online,49,43,6
TX,Trafalgar Group,8/1/2020,8/5/2020,8/7/2020 12:00,IVR,43,49,-6
KS,Public Policy Polling,8/5/2020,8/6/2020,8/7/2020 9:24,IVR,43,50,-7
--,Research Co.,8/3/2020,8/4/2020,8/7/2020 8:12,Online,48,38,10
MI,EPIC-MRA,7/25/2020,7/30/2020,8/7/2020 7:24,Live Phone,51,40,11
UT,RMS Research,7/27/2020,8/1/2020,8/7/2020 7:23,Online,31,50,-19
IA,RMG Research,7/27/2020,7/30/2020,8/6/2020 18:32,Online,40,41,-1
SC,Quinnipiac University,7/30/2020,8/3/2020,8/6/2020 15:00,Live Phone,42,47,-5
ME,Quinnipiac University,7/30/2020,8/3/2020,8/6/2020 15:00,Live Phone,52,37,15
KY,Quinnipiac University,7/30/2020,8/3/2020,8/6/2020 15:00,Live Phone,41,50,-9
NC,Data for Progress,7/24/2020,8/2/2020,8/6/2020 13:40,Online,46,44,2
ME,Data for Progress,7/24/2020,8/2/2020,8/6/2020 13:40,Online,49,42,7
IA,Data for Progress,7/24/2020,8/2/2020,8/6/2020 13:40,Online,42,44,-2
AZ,Data for Progress,7/24/2020,8/2/2020,8/6/2020 13:40,Online,45,43,2
WI,David Binder Research,7/30/2020,7/31/2020,8/6/2020 13:40,Online,53,42,11
MN,David Binder Research,7/30/2020,7/31/2020,8/6/2020 13:40,Online,54,36,18
MI,David Binder Research,7/30/2020,7/31/2020,8/6/2020 13:40,Online,51,41,10
IA,David Binder Research,7/30/2020,7/31/2020,8/6/2020 13:40,Online,49,43,6
OK,DFM Research,7/29/2020,7/30/2020,8/6/2020 13:40,Live Phone,36,56,-20
IN,Morning Consult,7/24/2020,8/2/2020,8/5/2020 17:16,Online,38,55,-17
--,Ipsos,8/3/2020,8/4/2020,8/5/2020 15:23,Online,56,44,12
IA,Monmouth University,7/30/2020,8/3/2020,8/5/2020 11:05,Live Phone,47,48,-1
--,YouGov,8/2/2020,8/4/2020,8/5/2020 11:05,Online,49,40,9
HI,MRG Research,7/27/2020,7/30/2020,8/5/2020 11:05,IVR/Online,56,29,27
WI,Hodas & Associates,7/22/2020,7/27/2020,8/5/2020 11:05,Live Phone,52,38,14
PA,Hodas & Associates,7/17/2020,7/22/2020,8/5/2020 11:05,Live Phone,51,45,6
MI,Hodas & Associates,7/13/2020,7/16/2020,8/5/2020 11:05,Live Phone,53,41,12
TX,Morning Consult,7/24/2020,8/2/2020,8/4/2020 18:52,Online,47,46,1
SC,Morning Consult,7/24/2020,8/2/2020,8/4/2020 18:52,Online,44,49,-5
KY,Morning Consult,7/24/2020,8/2/2020,8/4/2020 18:52,Online,35,58,-23
AL,Morning Consult,7/24/2020,8/2/2020,8/4/2020 18:52,Online,36,58,-22
CA,"University of California, Berkeley",7/21/2020,7/27/2020,8/4/2020 18:50,Online,67,28,39
MI,Public Policy Polling,7/28/2020,7/29/2020,8/3/2020 20:46,IVR,49,43,6
--,Fox News/Beacon Research/Shaw & Co. Research,7/23/2020,7/27/2020,8/3/2020 20:45,Live Phone,48,41,7
WI,Global Strategy Group,7/11/2020,7/17/2020,8/3/2020 20:44,Online,51,42,9
OH,University of Akron,6/25/2020,7/15/2020,8/3/2020 20:43,Online,46,42,4
--,Morning Consult,7/31/2020,8/2/2020,8/3/2020 15:23,Online,51,42,9
GA,YouGov,7/28/2020,7/31/2020,8/2/2020 11:02,Online,46,45,1
NC,YouGov,7/28/2020,7/31/2020,8/2/2020 11:02,Online,48,44,4
--,YouGov,7/28/2020,7/30/2020,7/31/2020 10:54,Online,49,40,9
--,Data for Progress,7/28/2020,7/28/2020,7/31/2020 10:54,Online,52,42,10
MN,Public Policy Polling,7/22/2020,7/23/2020,7/31/2020 10:53,IVR,52,42,10
--,IBD/TIPP,7/25/2020,7/28/2020,7/30/2020 16:04,Online,48,41,7
NH,University of New Hampshire,7/16/2020,7/28/2020,7/30/2020 16:04,Live Phone,53,40,13
VA,Virginia Commonwealth University,7/11/2020,7/18/2020,7/30/2020 16:04,Live Phone,50,39,11
NH,University of New Hampshire,6/18/2020,6/22/2020,7/30/2020 16:04,Live Phone,52,39,13
NH,University of New Hampshire,5/14/2020,5/18/2020,7/30/2020 16:04,Live Phone,44,46,-2
PA,Franklin & Marshall College,7/20/2020,7/26/2020,7/30/2020 9:06,Live Phone/Online,50,41,9
NC,Cardinal Point Analysis,7/22/2020,7/24/2020,7/30/2020 9:06,IVR/Live Phone,47,48,-1
WI,Redfield & Wilton Strategies,7/19/2020,7/24/2020,7/30/2020 9:06,Online,45,35,10
MI,Redfield & Wilton Strategies,7/19/2020,7/24/2020,7/30/2020 9:06,Online,49,37,12
FL,Mason-Dixon Polling & Strategy,7/20/2020,7/23/2020,7/30/2020 9:06,Live Phone,50,46,4
AZ,Redfield & Wilton Strategies,7/19/2020,7/24/2020,7/30/2020 9:06,Online,46,38,8
PA,Redfield & Wilton Strategies,7/19/2020,7/24/2020,7/30/2020 9:06,Online,48,41,7
FL,Redfield & Wilton Strategies,7/19/2020,7/24/2020,7/30/2020 9:06,Online,48,41,7
NC,Redfield & Wilton Strategies,7/19/2020,7/24/2020,7/30/2020 9:06,Online,43,42,1
--,Optimus,7/24/2020,7/28/2020,7/29/2020 17:36,Online,48,40,8
WI,Change Research,7/24/2020,7/26/2020,7/29/2020 14:10,Online,48,43,5
PA,Change Research,7/24/2020,7/26/2020,7/29/2020 14:10,Online,48,46,2
NC,Change Research,7/24/2020,7/26/2020,7/29/2020 14:10,Online,49,46,3
MI,Change Research,7/24/2020,7/26/2020,7/29/2020 14:10,Online,46,42,4
FL,Change Research,7/24/2020,7/26/2020,7/29/2020 14:10,Online,48,45,3
AZ,Change Research,7/24/2020,7/26/2020,7/29/2020 14:10,Online,47,45,2
--,Change Research,7/24/2020,7/26/2020,7/29/2020 14:10,Online,51,42,9
--,Ipsos,7/27/2020,7/28/2020,7/29/2020 14:07,Online,47,38,9
--,YouGov,7/27/2020,7/28/2020,7/29/2020 11:12,Online,49,40,9
GA,Monmouth University,7/23/2020,7/27/2020,7/29/2020 11:11,Live Phone,47,48,-1
WA,SurveyUSA,7/22/2020,7/27/2020,7/28/2020 20:53,Online,62,28,34
ME,Colby College,7/18/2020,7/24/2020,7/28/2020 20:51,Live Phone/Online,50,38,12
WI,Morning Consult,7/17/2020,7/26/2020,7/28/2020 15:24,Online,50,43,7
VA,Morning Consult,7/17/2020,7/26/2020,7/28/2020 15:24,Online,52,41,11
TX,Morning Consult,7/17/2020,7/26/2020,7/28/2020 15:24,Online,47,45,2
PA,Morning Consult,7/17/2020,7/26/2020,7/28/2020 15:24,Online,50,42,8
OH,Morning Consult,7/17/2020,7/26/2020,7/28/2020 15:24,Online,45,48,-3
NC,Morning Consult,7/17/2020,7/26/2020,7/28/2020 15:24,Online,47,47,0
MN,Morning Consult,7/17/2020,7/26/2020,7/28/2020 15:24,Online,47,44,3
MI,Morning Consult,7/17/2020,7/26/2020,7/28/2020 15:24,Online,52,42,10
GA,Morning Consult,7/17/2020,7/26/2020,7/28/2020 15:24,Online,47,46,1
FL,Morning Consult,7/17/2020,7/26/2020,7/28/2020 15:24,Online,49,46,3
CO,Morning Consult,7/17/2020,7/26/2020,7/28/2020 15:24,Online,52,39,13
AZ,Morning Consult,7/17/2020,7/26/2020,7/28/2020 15:24,Online,49,42,7
NC,Public Policy Polling,7/23/2020,7/24/2020,7/28/2020 15:21,IVR,49,46,3
MT,Public Policy Polling,7/23/2020,7/24/2020,7/28/2020 15:21,IVR,45,50,-5
ME,Public Policy Polling,7/23/2020,7/24/2020,7/28/2020 15:21,IVR,53,42,11
IA,Public Policy Polling,7/23/2020,7/24/2020,7/28/2020 15:21,IVR,47,48,-1
GA,Public Policy Polling,7/23/2020,7/24/2020,7/28/2020 15:21,IVR,46,45,1
CO,Public Policy Polling,7/23/2020,7/24/2020,7/28/2020 15:21,IVR,54,41,13
AK,Public Policy Polling,7/23/2020,7/24/2020,7/28/2020 15:21,IVR,44,50,-6
MA,MassInc Polling Group,7/17/2020,7/20/2020,7/28/2020 14:53,Live Phone,55,23,32
NJ,DKC Analytics,7/7/2020,7/12/2020,7/28/2020 14:52,Online,51,33,18
--,RMG Research,7/23/2020,7/25/2020,7/27/2020 17:04,Online,45,37,8
MN,Trafalgar Group,7/23/2020,7/25/2020,7/27/2020 17:03,IVR,49,44,5
--,The Harris Poll,7/21/2020,7/23/2020,7/27/2020 13:19,Online,55,45,10
OH,YouGov,7/21/2020,7/24/2020,7/26/2020 19:31,Online,45,46,-1
MI,YouGov,7/21/2020,7/24/2020,7/26/2020 19:31,Online,48,42,6
--,YouGov,7/21/2020,7/24/2020,7/26/2020 19:31,Online,51,41,10
MI,SSRS,7/18/2020,7/24/2020,7/26/2020 19:31,Live Phone,52,40,12
FL,SSRS,7/18/2020,7/24/2020,7/26/2020 19:31,Live Phone,51,46,5
AZ,SSRS,7/18/2020,7/24/2020,7/26/2020 19:31,Live Phone,49,45,4
AZ,Marist College,7/14/2020,7/22/2020,7/26/2020 19:31,Live Phone,50,45,5
--,Kaiser Family Foundation,7/14/2020,7/19/2020,7/26/2020 12:59,Live Phone,47,38,9
NC,Marist College,7/14/2020,7/22/2020,7/26/2020 9:42,Live Phone,51,44,7
--,NORC,7/16/2020,7/20/2020,7/26/2020 9:42,Live Phone,46,34,12
PA,Gravis Marketing,7/22/2020,7/24/2020,7/25/2020 12:48,IVR/Online,48,45,3
MI,Gravis Marketing,7/22/2020,7/22/2020,7/24/2020 20:34,IVR/Online,51,42,9
WI,Gravis Marketing,7/22/2020,7/22/2020,7/24/2020 20:34,IVR/Online,50,42,8
--,Data for Progress,7/21/2020,7/21/2020,7/24/2020 20:34,Online,50,44,6
--,Echelon Insights,7/17/2020,7/22/2020,7/24/2020 20:33,Online,50,37,13
--,Echelon Insights,4/18/2020,4/21/2020,7/24/2020 20:33,Online,52,43,9
--,Echelon Insights,3/20/2020,3/24/2020,7/24/2020 20:33,Online,51,41,10
--,Echelon Insights,1/20/2020,1/23/2020,7/24/2020 20:33,Online,49,40,9
PA,Fox News/Beacon Research/Shaw & Co. Research,7/17/2020,7/20/2020,7/23/2020 17:58,Live Phone,50,39,11
MN,Fox News/Beacon Research/Shaw & Co. Research,7/17/2020,7/20/2020,7/23/2020 17:58,Live Phone,51,38,13
MI,Fox News/Beacon Research/Shaw & Co. Research,7/17/2020,7/20/2020,7/23/2020 17:58,Live Phone,49,40,9
--,Hart Research Associates,5/13/2020,5/15/2020,7/23/2020 17:34,Online,51,43,8
--,Global Strategy Group,6/23/2020,7/1/2020,7/23/2020 17:33,Online,50,39,11
--,GQR Research,7/15/2020,7/19/2020,7/23/2020 16:43,Online,55,44,11
FL,Quinnipiac University,7/16/2020,7/20/2020,7/23/2020 16:41,Live Phone,51,38,13
FL,St Pete Polls,7/13/2020,7/14/2020,7/23/2020 9:07,IVR,50,44,6
TX,Quinnipiac University,7/16/2020,7/20/2020,7/22/2020 14:46,Live Phone,45,44,1
GA,Garin-Hart-Yang Research Group,7/9/2020,7/15/2020,7/22/2020 14:45,Live Phone,47,43,4
AZ,Public Policy Polling,7/17/2020,7/18/2020,7/22/2020 11:12,IVR,49,45,4
--,YouGov,7/19/2020,7/21/2020,7/22/2020 10:03,Online,48,41,7
--,Ipsos,7/15/2020,7/21/2020,7/22/2020 10:03,Online,46,38,8
--,Morning Consult,7/13/2020,7/19/2020,7/22/2020 10:03,Online,47,40,7
GA,Trafalgar Group,7/15/2020,7/18/2020,7/20/2020 16:59,IVR,43,50,-7
NC,Cardinal Point Analytics,7/13/2020,7/15/2020,7/20/2020 16:57,IVR/Live Phone,48,49,-1
--,Benenson Strategy Group/GS Strategy Group,7/15/2020,7/18/2020,7/20/2020 11:50,Live Phone,50,39,11
SC,Gravis Marketing,7/17/2020,7/17/2020,7/19/2020 14:30,IVR/Online,46,50,-4
MI,Public Policy Polling,7/9/2020,7/10/2020,7/19/2020 14:30,IVR,51,44,7
--,Fox News/Beacon Research/Shaw & Co. Research,7/12/2020,7/15/2020,7/19/2020 9:25,Live Phone,49,41,8
--,ABC News/Washington Post,7/12/2020,7/15/2020,7/19/2020 0:55,Live Phone,54,44,10
--,ABC News/Washington Post,7/12/2020,7/15/2020,7/19/2020 0:55,Live Phone,55,40,15
AK,Alaska Survey Research,6/23/2020,7/7/2020,7/17/2020 20:13,Live Phone/Online,48,49,-1
--,UCLA Nationscape,7/2/2020,7/8/2020,7/17/2020 12:49,Online,49,41,8
--,UCLA Nationscape,4/9/2020,4/15/2020,7/17/2020 12:48,Online,48,43,5
KY,Garin-Hart-Yang Research Group,7/7/2020,7/12/2020,7/16/2020 16:57,Live Phone,41,53,-12
AZ,OH Predictive Insights,7/6/2020,7/7/2020,7/16/2020 8:56,IVR/Live Phone,49,44,5
--,NBC News/Wall Street Journal,7/9/2020,7/12/2020,7/15/2020 17:08,Live Phone,51,40,11
--,Ipsos,7/13/2020,7/14/2020,7/15/2020 17:06,Online,47,37,10
--,Quinnipiac University,7/9/2020,7/13/2020,7/15/2020 16:15,Live Phone,52,37,15
--,YouGov,7/11/2020,7/14/2020,7/15/2020 12:21,Online,47,39,8
PA,Monmouth University,7/9/2020,7/13/2020,7/15/2020 11:15,Live Phone,52,43,9
--,YouGov,7/12/2020,7/14/2020,7/15/2020 10:02,Online,49,40,9
--,Morning Consult,7/6/2020,7/13/2020,7/15/2020 8:49,Online,47,39,8
WI,Change Research,7/10/2020,7/12/2020,7/15/2020 8:49,Online,48,42,6
PA,Change Research,7/10/2020,7/12/2020,7/15/2020 8:49,Online,50,42,8
NC,Change Research,7/10/2020,7/12/2020,7/15/2020 8:49,Online,47,46,1
MI,Change Research,7/10/2020,7/12/2020,7/15/2020 8:49,Online,48,42,6
FL,Change Research,7/10/2020,7/12/2020,7/15/2020 8:49,Online,50,43,7
AZ,Change Research,7/10/2020,7/12/2020,7/15/2020 8:49,Online,51,45,6
--,Change Research,7/10/2020,7/12/2020,7/15/2020 8:49,Online,51,41,10
FL,Gravis Marketing,7/13/2020,7/13/2020,7/14/2020 10:45,IVR/Online,53,43,10
MT,Civiqs,7/11/2020,7/13/2020,7/14/2020 8:53,Online,45,49,-4
--,Redfield & Wilton Strategies,7/9/2020,7/9/2020,7/13/2020 14:23,Online,48,40,8
--,RMG Research,7/9/2020,7/11/2020,7/13/2020 14:23,Online,46,39,7
MT,Public Policy Polling,7/9/2020,7/10/2020,7/13/2020 11:04,IVR,42,51,-9
MO,YouGov,6/23/2020,7/1/2020,7/13/2020 11:04,Online,43,50,-7
TX,YouGov,7/7/2020,7/10/2020,7/12/2020 11:56,Online,45,46,-1
FL,YouGov,7/7/2020,7/10/2020,7/12/2020 11:56,Online,48,42,6
AZ,YouGov,7/7/2020,7/10/2020,7/12/2020 11:56,Online,46,46,0
TX,University of Texas at Tyler,6/29/2020,7/7/2020,7/12/2020 11:55,Live Phone/Online,48,43,5
--,Morning Consult,6/29/2020,7/5/2020,7/10/2020 18:40,Online,48,39,9
NC,GBAO,4/13/2020,4/16/2020,7/10/2020 18:40,Live Phone/Online,48,46,2
IA,GBAO,4/13/2020,4/16/2020,7/10/2020 18:40,Live Phone/Online,45,48,-3
AZ,GBAO,4/13/2020,4/16/2020,7/10/2020 18:40,Live Phone/Online,47,46,1
--,Data for Progress,7/7/2020,7/7/2020,7/10/2020 11:10,Online,52,42,10
--,Data for Progress,7/7/2020,7/7/2020,7/10/2020 11:10,Online,52,42,10
NC,Public Policy Polling,7/7/2020,7/8/2020,7/9/2020 14:42,IVR,50,46,4
AK,Public Policy Polling,7/7/2020,7/8/2020,7/9/2020 10:30,IVR,45,48,-3
--,Ipsos,7/6/2020,7/7/2020,7/8/2020 11:14,Online,43,37,6
--,Research Co.,7/1/2020,7/2/2020,7/8/2020 11:13,Online,49,40,9
--,Opinium,6/19/2020,6/25/2020,7/8/2020 11:09,Online,52,40,12
--,PureSpectrum,6/12/2020,6/28/2020,7/8/2020 9:35,Online,47,37,10
--,PureSpectrum,5/16/2020,5/31/2020,7/8/2020 9:35,Online,46,37,9
--,PureSpectrum,5/2/2020,5/15/2020,7/8/2020 9:35,Online,43,39,4
--,PureSpectrum,4/16/2020,4/30/2020,7/8/2020 9:35,Online,44,40,4
--,YouGov,7/5/2020,7/7/2020,7/8/2020 9:22,Online,49,40,9
--,Public Policy Polling,6/25/2020,6/26/2020,7/7/2020 13:29,IVR,53,42,11
PA,Trafalgar Group,6/29/2020,7/2/2020,7/6/2020 13:52,IVR,48,43,5
ME,Public Policy Polling,7/2/2020,7/3/2020,7/6/2020 10:25,IVR,53,42,11
FL,Trafalgar Group,6/29/2020,7/2/2020,7/3/2020 22:52,IVR,46,46,0
--,YouGov,6/19/2020,7/1/2020,7/2/2020 15:48,Online,45,40,5
--,Monmouth University,6/26/2020,6/30/2020,7/2/2020 11:06,Live Phone,52,39,13
TX,YouGov,6/19/2020,6/29/2020,7/2/2020 10:52,Online,44,48,-4
TX,Public Policy Polling,6/24/2020,6/25/2020,7/2/2020 8:58,IVR,48,46,2
MT,University of Montana,6/17/2020,6/26/2020,7/2/2020 8:57,Online,38,52,-14
--,Hart Research Associates,6/22/2020,6/28/2020,7/1/2020 20:21,Online,55,41,14
--,Ipsos,6/29/2020,6/30/2020,7/1/2020 17:42,Online,46,38,8
MI,Public Policy Polling,6/26/2020,6/27/2020,7/1/2020 17:42,IVR,50,44,6
--,The Harris Poll,6/17/2020,6/18/2020,7/1/2020 17:41,Online,56,44,12
CO,Public Policy Polling,6/29/2020,6/30/2020,7/1/2020 14:17,IVR,56,39,17
--,IBD/TIPP,6/27/2020,6/30/2020,7/1/2020 13:53,Online,48,40,8
AZ,Data Orbital,6/27/2020,6/29/2020,7/1/2020 12:13,Live Phone,47,45,2
--,YouGov,6/28/2020,6/30/2020,7/1/2020 9:55,Online,49,40,9
WI,Change Research,6/26/2020,6/28/2020,7/1/2020 8:49,Online,51,43,8
PA,Change Research,6/26/2020,6/28/2020,7/1/2020 8:49,Online,50,44,6
NC,Change Research,6/26/2020,6/28/2020,7/1/2020 8:49,Online,51,44,7
MI,Change Research,6/26/2020,6/28/2020,7/1/2020 8:49,Online,48,43,5
FL,Change Research,6/26/2020,6/28/2020,7/1/2020 8:49,Online,50,45,5
AZ,Change Research,6/26/2020,6/28/2020,7/1/2020 8:49,Online,51,44,7
--,Change Research,6/26/2020,6/28/2020,7/1/2020 8:49,Online,47,40,7
--,Morning Consult,6/22/2020,6/28/2020,7/1/2020 8:48,Online,47,40,7
NC,East Carolina University,6/22/2020,6/25/2020,6/30/2020 17:34,Online,45,44,1
--,Suffolk University,6/25/2020,6/29/2020,6/30/2020 14:16,Live Phone,46,37,9
--,Suffolk University,6/25/2020,6/29/2020,6/30/2020 14:16,Live Phone,53,41,12
--,Pew Research Center,6/16/2020,6/22/2020,6/30/2020 11:09,Online,54,44,10
NY,Siena College,6/23/2020,6/25/2020,6/30/2020 9:41,Live Phone,57,32,25
MO,Garin-Hart-Yang Research Group,6/16/2020,6/22/2020,6/30/2020 9:40,Live Phone,48,46,2
--,Optimus,6/25/2020,6/27/2020,6/29/2020 21:05,Online,45,41,4
--,Optimus,6/25/2020,6/27/2020,6/29/2020 21:05,Online,41,31,10
PA,Susquehanna Polling & Research Inc.,6/15/2020,6/23/2020,6/29/2020 14:07,Live Phone/Online,46,41,5
--,RMG Research,6/25/2020,6/27/2020,6/29/2020 11:00,Online,47,39,8
GA,Public Policy Polling,6/25/2020,6/26/2020,6/29/2020 9:22,IVR,49,45,4
WI,Trafalgar Group,6/23/2020,6/25/2020,6/28/2020 21:03,IVR,45,46,-1
--,Climate Nexus,6/6/2020,6/11/2020,6/26/2020 13:51,Online,48,41,7
--,YouGov,6/24/2020,6/25/2020,6/26/2020 12:53,Online,47,39,8
--,Marist College,6/22/2020,6/24/2020,6/26/2020 12:13,Live Phone,52,44,8
--,Kaiser Family Foundation,6/8/2020,6/14/2020,6/26/2020 11:25,Live Phone,51,38,13
TX,Fox News/Beacon Research/Shaw & Co. Research,6/20/2020,6/23/2020,6/25/2020 18:19,Live Phone,45,44,1
NC,Fox News/Beacon Research/Shaw & Co. Research,6/20/2020,6/23/2020,6/25/2020 18:19,Live Phone,47,45,2
GA,Fox News/Beacon Research/Shaw & Co. Research,6/20/2020,6/23/2020,6/25/2020 18:19,Live Phone,47,45,2
FL,Fox News/Beacon Research/Shaw & Co. Research,6/20/2020,6/23/2020,6/25/2020 18:19,Live Phone,49,40,9
WI,Redfield & Wilton Strategies,6/14/2020,6/19/2020,6/25/2020 12:22,Online,45,36,9
NC,Redfield & Wilton Strategies,6/14/2020,6/17/2020,6/25/2020 12:22,Online,46,40,6
AZ,Redfield & Wilton Strategies,6/14/2020,6/17/2020,6/25/2020 12:22,Online,43,39,4
MI,Redfield & Wilton Strategies,6/14/2020,6/16/2020,6/25/2020 12:22,Online,47,36,11
PA,Redfield & Wilton Strategies,6/14/2020,6/16/2020,6/25/2020 12:22,Online,49,39,10
FL,Redfield & Wilton Strategies,6/14/2020,6/15/2020,6/25/2020 12:22,Online,45,41,4
MI,Hodas & Associates,6/17/2020,6/20/2020,6/25/2020 10:08,Live Phone,56,38,18
WI,Hodas & Associates,6/12/2020,6/16/2020,6/25/2020 10:08,Live Phone,55,39,16
PA,Hodas & Associates,6/8/2020,6/11/2020,6/25/2020 10:08,Live Phone,54,42,12
--,Hart Research Associates,6/19/2020,6/22/2020,6/25/2020 9:13,Live Phone,47,38,9
NC,NYT/Siena College,6/8/2020,6/18/2020,6/25/2020 9:11,Live Phone,49,40,9
FL,NYT/Siena College,6/8/2020,6/18/2020,6/25/2020 9:11,Live Phone,47,41,6
MI,NYT/Siena College,6/8/2020,6/17/2020,6/25/2020 9:11,Live Phone,47,36,11
PA,NYT/Siena College,6/8/2020,6/16/2020,6/25/2020 9:11,Live Phone,50,40,10
AZ,NYT/Siena College,6/8/2020,6/16/2020,6/25/2020 9:11,Live Phone,48,41,7
WI,NYT/Siena College,6/8/2020,6/15/2020,6/25/2020 9:11,Live Phone,49,38,11
--,Ipsos,6/22/2020,6/23/2020,6/24/2020 17:27,Online,47,37,10
NC,Public Policy Polling,6/22/2020,6/23/2020,6/24/2020 14:57,IVR,48,46,2
OH,Quinnipiac University,6/18/2020,6/22/2020,6/24/2020 14:56,Live Phone,46,45,1
WI,Marquette University Law School,6/14/2020,6/18/2020,6/24/2020 13:21,Live Phone,50,44,6
--,YouGov,6/21/2020,6/23/2020,6/24/2020 10:06,Online,49,41,8
--,Morning Consult,6/15/2020,6/21/2020,6/24/2020 9:20,Online,47,39,8
--,Data for Progress,6/23/2020,6/23/2020,6/24/2020 9:09,Online,50,44,6
--,Data for Progress,6/23/2020,6/23/2020,6/24/2020 9:09,Online,52,43,9
--,NYT/Siena College,6/17/2020,6/22/2020,6/24/2020 8:17,Live Phone,50,36,14
--,Public Policy Polling,6/19/2020,6/20/2020,6/23/2020 16:33,IVR,52,43,9
TX,Public Policy Polling,6/18/2020,6/19/2020,6/23/2020 16:33,IVR,46,48,-2
--,Climate Nexus,4/3/2020,4/7/2020,6/23/2020 16:32,Online,47,41,6
--,Climate Nexus,4/3/2020,4/7/2020,6/23/2020 16:32,Online,42,37,5
--,The Harris Poll,6/17/2020,6/18/2020,6/22/2020 19:30,Online,56,44,12
--,Echelon Insights,6/12/2020,6/16/2020,6/22/2020 16:49,Online,50,42,8
--,Echelon Insights,5/18/2020,5/20/2020,6/22/2020 16:48,Online,51,42,9
AL,FM3 Research,5/14/2020,5/18/2020,6/22/2020 11:22,Live Phone,39,52,-13
MI,Trafalgar Group,6/16/2020,6/18/2020,6/22/2020 9:19,IVR,46,45,1
MN,Gravis Marketing,6/19/2020,6/19/2020,6/20/2020 15:12,IVR/Online,58,42,16
--,SurveyMonkey,6/12/2020,6/16/2020,6/20/2020 11:40,Online,53,43,10
--,UCLA Nationscape,5/28/2020,6/10/2020,6/18/2020 22:19,Online,50,39,11
NH,Saint Anselm College,6/13/2020,6/16/2020,6/18/2020 18:51,Online,49,42,7
--,Fox News/Beacon Research/Shaw & Co. Research,6/13/2020,6/16/2020,6/18/2020 18:50,Live Phone,50,38,12
--,Optimus,6/9/2020,6/16/2020,6/18/2020 16:03,Online,50,44,6
--,Optimus,6/9/2020,6/16/2020,6/18/2020 16:03,Online,42,37,5
--,Quinnipiac University,6/11/2020,6/15/2020,6/18/2020 16:02,Live Phone,49,41,8
KY,Civiqs,6/13/2020,6/15/2020,6/18/2020 13:10,Online,37,57,-20
--,Ipsos,5/18/2020,5/24/2020,6/17/2020 17:53,Online,46,39,7
--,Ipsos,6/10/2020,6/16/2020,6/17/2020 15:39,Online,48,35,13
AZ,Change Research,6/12/2020,6/14/2020,6/17/2020 15:37,Online,45,44,1
NC,Change Research,6/12/2020,6/14/2020,6/17/2020 15:37,Online,47,45,2
MI,Change Research,6/12/2020,6/14/2020,6/17/2020 15:37,Online,47,45,2
WI,Change Research,6/12/2020,6/14/2020,6/17/2020 15:37,Online,48,44,4
PA,Change Research,6/12/2020,6/14/2020,6/17/2020 15:37,Online,49,46,3
FL,Change Research,6/12/2020,6/14/2020,6/17/2020 15:37,Online,50,43,7
--,Change Research,6/12/2020,6/14/2020,6/17/2020 15:37,Online,51,41,10
--,YouGov,6/14/2020,6/16/2020,6/17/2020 9:37,Online,50,41,9
MS,Millsaps College,6/2/2020,6/4/2020,6/16/2020 20:18,Live Phone,41,50,-9
AZ,Civiqs,6/13/2020,6/15/2020,6/16/2020 12:07,Online,49,45,4
GA,Public Policy Polling,6/12/2020,6/13/2020,6/16/2020 12:06,IVR,48,46,2
NM,Public Policy Polling,6/12/2020,6/13/2020,6/16/2020 12:06,IVR,53,39,14
MI,TIPP,6/9/2020,6/12/2020,6/16/2020 12:05,Online,51,38,13
MI,TIPP,6/9/2020,6/12/2020,6/16/2020 12:05,Online,50,37,13
FL,TIPP,6/9/2020,6/11/2020,6/16/2020 12:03,Online,51,40,11
FL,TIPP,6/9/2020,6/11/2020,6/16/2020 12:03,Online,50,40,10
--,NORC,5/21/2020,6/5/2020,6/16/2020 12:03,Live Phone,40,32,8
MI,EPIC-MRA,5/31/2020,6/4/2020,6/16/2020 12:02,Live Phone,55,39,16
IA,Selzer & Co.,6/7/2020,6/10/2020,6/15/2020 19:21,Live Phone,43,44,-1
--,Morning Consult,6/6/2020,6/14/2020,6/15/2020 17:09,Online,48,39,9
--,Optimus,6/6/2020,6/13/2020,6/15/2020 17:09,Online,52,43,9
--,Optimus,6/6/2020,6/13/2020,6/15/2020 17:09,Online,43,34,9
--,RMG Research,6/11/2020,6/13/2020,6/15/2020 16:55,Online,48,36,12
--,Abacus Data,6/11/2020,6/13/2020,6/15/2020 10:35,Online,51,41,10
--,Abacus Data,6/11/2020,6/13/2020,6/15/2020 10:35,Online,49,35,14
MO,Remington Research Group,6/10/2020,6/11/2020,6/13/2020 10:25,IVR,43,51,-8
--,Redfield & Wilton Strategies,6/8/2020,6/9/2020,6/11/2020 17:36,Online,50,37,13
--,Optimus,6/2/2020,6/9/2020,6/11/2020 17:35,Online,53,42,11
--,Optimus,6/2/2020,6/9/2020,6/11/2020 17:35,Online,43,32,11
FL,Cygnal,5/18/2020,5/30/2020,6/11/2020 15:05,Online,47,44,3
GA,TargetSmart/Dynata,5/21/2020,5/27/2020,6/11/2020 15:04,Live Phone/Online,40,44,-4
--,YouGov,6/9/2020,6/10/2020,6/11/2020 11:01,Online,49,40,9
--,Ipsos,6/8/2020,6/9/2020,6/9/2020 22:50,Online,46,38,8
--,MSR Group,6/7/2020,6/7/2020,6/9/2020 22:48,Online,46,39,7
MI,Kiaer Research,5/31/2020,6/7/2020,6/9/2020 22:46,IVR/Online,50,35,15
--,Data for Progress,6/2/2020,6/2/2020,6/9/2020 22:45,Online,54,40,14
--,Data for Progress,6/2/2020,6/2/2020,6/9/2020 22:45,Online,52,42,10
--,Data for Progress,5/26/2020,5/26/2020,6/9/2020 22:44,Online,50,46,4
--,Data for Progress,5/26/2020,5/26/2020,6/9/2020 22:44,Online,51,43,8
--,YouGov,6/7/2020,6/9/2020,6/9/2020 13:17,Online,49,41,8
IA,Civiqs,6/6/2020,6/8/2020,6/9/2020 11:23,Online,46,46,0
KY,RMG Research,5/21/2020,5/24/2020,6/9/2020 11:22,Online,36,53,-17
TN,SSRS,5/2/2020,5/22/2020,6/9/2020 11:21,Live Phone,42,51,-9
--,Morning Consult,6/1/2020,6/7/2020,6/9/2020 9:25,Online,47,39,8
--,Optimus,5/30/2020,6/6/2020,6/9/2020 9:24,Online,53,42,11
OK,Amber Integrated,6/3/2020,6/4/2020,6/9/2020 9:17,Live Phone/Online,36,55,-19
--,Morning Consult,5/25/2020,5/31/2020,6/9/2020 9:15,Online,46,41,5
--,RMG Research,6/4/2020,6/6/2020,6/8/2020 15:40,Online,47,37,10
--,Garin-Hart-Yang Research Group,6/3/2020,6/6/2020,6/8/2020 15:39,Live Phone,53,41,12
MI,EPIC-MRA,5/30/2020,6/3/2020,6/7/2020 9:28,Live Phone,53,41,12
--,NBC News/Wall Street Journal,5/28/2020,6/2/2020,6/7/2020 9:26,Live Phone,49,42,7
--,SSRS,6/2/2020,6/5/2020,6/7/2020 6:27,Live Phone,55,41,14
TX,Public Policy Polling,6/3/2020,6/4/2020,6/5/2020 14:48,IVR,48,48,0
IA,Public Policy Polling,6/3/2020,6/4/2020,6/5/2020 14:47,IVR,47,48,-1
--,Whitman Insight Strategies,6/2/2020,6/4/2020,6/5/2020 14:46,Online,53,43,10
--,Marist College,6/2/2020,6/3/2020,6/5/2020 14:44,Live Phone,50,43,7
NC,Public Policy Polling,6/2/2020,6/3/2020,6/4/2020 22:56,IVR,49,45,4
--,Civiqs,6/1/2020,6/3/2020,6/4/2020 22:55,Online,47,44,3
--,IBD/TIPP,5/31/2020,6/3/2020,6/4/2020 22:54,Online,45,42,3
--,Optimus,5/26/2020,6/2/2020,6/4/2020 22:53,Online,51,44,7
CA,Public Policy Institute of California,5/17/2020,5/26/2020,6/4/2020 22:51,Live Phone,57,33,24
WI,Fox News/Beacon Research/Shaw & Co. Research,5/30/2020,6/2/2020,6/3/2020 20:02,Live Phone,49,40,9
OH,Fox News/Beacon Research/Shaw & Co. Research,5/30/2020,6/2/2020,6/3/2020 20:02,Live Phone,45,43,2
AZ,Fox News/Beacon Research/Shaw & Co. Research,5/30/2020,6/2/2020,6/3/2020 20:02,Live Phone,46,42,4
--,YouGov,5/31/2020,6/2/2020,6/3/2020 17:23,Online,47,40,7
TX,Quinnipiac University,5/29/2020,6/1/2020,6/3/2020 17:21,Live Phone,43,44,-1
--,Monmouth University,5/28/2020,6/1/2020,6/3/2020 17:21,Live Phone,52,41,11
WI,Change Research,5/29/2020,5/31/2020,6/3/2020 17:19,Online,45,45,0
PA,Change Research,5/29/2020,5/31/2020,6/3/2020 17:19,Online,46,50,-4
NC,Change Research,5/29/2020,5/31/2020,6/3/2020 17:19,Online,46,45,1
MI,Change Research,5/29/2020,5/31/2020,6/3/2020 17:19,Online,48,46,2
FL,Change Research,5/29/2020,5/31/2020,6/3/2020 17:19,Online,48,45,3
AZ,Change Research,5/29/2020,5/31/2020,6/3/2020 17:19,Online,44,45,-1
--,Change Research,5/29/2020,5/31/2020,6/3/2020 17:19,Online,48,41,7
NC,Harper Polling,5/26/2020,5/28/2020,6/3/2020 17:18,Online,44,47,-3
--,Reuters,6/1/2020,6/2/2020,6/2/2020 19:28,Online,47,37,10
KS,Civiqs,5/30/2020,6/1/2020,6/2/2020 19:28,Online,40,52,-12
--,YouGov,5/29/2020,6/1/2020,6/2/2020 19:26,Online,47,43,4
--,RMG Research,5/28/2020,5/30/2020,6/2/2020 19:25,Online,46,39,7
MI,Public Policy Polling,5/29/2020,5/30/2020,6/1/2020 19:33,IVR,50,44,6
--,Optimus,5/23/2020,5/30/2020,6/1/2020 19:32,Online,50,45,5
--,Morning Consult,5/31/2020,6/1/2020,6/1/2020 19:28,Online,51,39,12
--,Morning Consult,5/2/2020,5/3/2020,6/1/2020 19:28,Online,45,41,4
--,TargetSmart/Dynata,5/21/2020,5/27/2020,6/1/2020 13:13,Live Phone/Online,43,40,3
--,YouGov,5/29/2020,5/30/2020,5/31/2020 18:36,Online,48,40,8
--,ABC News/Washington Post,5/25/2020,5/28/2020,5/31/2020 0:31,Live Phone,51,46,5
--,ABC News/Washington Post,5/25/2020,5/28/2020,5/31/2020 0:31,Live Phone,53,43,10
FL,St Pete Polls,5/26/2020,5/27/2020,5/30/2020 18:18,IVR,48,47,1
MO,We Ask America,5/26/2020,5/27/2020,5/30/2020 18:11,Live Phone,44,48,-4
--,Optimus,5/19/2020,5/26/2020,5/30/2020 18:10,Online,52,44,8
--,Ipsos,5/20/2020,5/27/2020,5/27/2020 19:51,Online,45,39,6
--,YouGov,5/23/2020,5/26/2020,5/27/2020 19:51,Online,45,42,3
SC,Civiqs,5/23/2020,5/26/2020,5/27/2020 19:50,Online,42,52,-10
--,Morning Consult,5/18/2020,5/24/2020,5/27/2020 19:49,Online,46,41,5
NY,Sinea College,5/17/2020,5/21/2020,5/27/2020 19:48,Live Phone,57,32,25
--,Optimus,5/16/2020,5/23/2020,5/27/2020 19:47,Online,54,43,11
AZ,HighGround Inc.,5/18/2020,5/22/2020,5/27/2020 19:46,Live Phone,47,45,2
NC,Meeting Street Insights,5/9/2020,5/13/2020,5/27/2020 19:41,Live Phone,47,47,0
MD,Gonzales Research & Media Services,5/19/2020,5/23/2020,5/26/2020 12:20,Live Phone,59,35,24
UT,Y2 Analytics,5/9/2020,5/15/2020,5/26/2020 12:19,Online,41,44,-3
MN,Mason-Dixon Polling & Strategy,5/18/2020,5/20/2020,5/24/2020 14:37,Live Phone,49,44,5
--,YouGov,5/20/2020,5/21/2020,5/22/2020 21:51,Online,46,42,4
WA,Public Policy Polling,5/19/2020,5/20/2020,5/22/2020 21:44,IVR,59,37,22
--,Optimus,5/12/2020,4/19/2020,5/22/2020 21:40,Online,52,42,10
--,Kaiser Family Foundation,5/13/2020,5/18/2020,5/22/2020 9:35,Live Phone,43,41,2
--,Fox News/Beacon Research/Shaw & Co. Research,5/17/2020,5/20/2020,5/21/2020 20:34,Live Phone,48,40,8
--,Data for Progress,5/19/2020,5/19/2020,5/21/2020 20:34,Online,51,42,9
MI,Public Policy Polling,5/18/2020,5/19/2020,5/21/2020 20:27,IVR,51,45,6
WA,SurveyUSA,5/16/2020,5/19/2020,5/21/2020 20:26,Online,57,31,26
MI,Change Research,5/16/2020,5/19/2020,5/21/2020 20:25,Online,47,44,3
WI,Redfield & Wilton Strategies,5/10/2020,5/14/2020,5/21/2020 20:24,Online,48,38,10
MI,Redfield & Wilton Strategies,5/10/2020,5/14/2020,5/21/2020 20:24,Online,47,39,8
PA,Redfield & Wilton Strategies,5/10/2020,5/14/2020,5/21/2020 20:24,Online,48,39,9
FL,Redfield & Wilton Strategies,5/10/2020,5/14/2020,5/21/2020 20:24,Online,45,43,2
NC,Redfield & Wilton Strategies,5/10/2020,5/14/2020,5/21/2020 20:24,Online,45,43,2
AZ,Redfield & Wilton Strategies,5/10/2020,5/14/2020,5/21/2020 20:24,Online,45,41,4
PA,Hodas & Associates,5/9/2020,5/13/2020,5/21/2020 20:21,Live Phone,46,50,-4
--,Data for Progress,5/12/2020,5/12/2020,5/21/2020 20:21,Online,48,41,7
WI,Hodas & Associates,5/6/2020,5/8/2020,5/21/2020 20:20,Live Phone,51,42,9
MI,Hodas & Associates,5/1/2020,5/5/2020,5/21/2020 20:14,Live Phone,50,42,8
CA,SurveyUSA,5/18/2020,5/19/2020,5/21/2020 20:07,Online,58,30,28
--,Ipsos,5/18/2020,5/19/2020,5/21/2020 20:06,Online,47,38,9
--,Quinnipiac University,5/14/2020,5/18/2020,5/21/2020 20:05,Live Phone,50,39,11
KY,Public Policy Polling,5/14/2020,5/15/2020,5/21/2020 20:03,IVR,39,55,-16
--,YouGov,5/17/2020,5/19/2020,5/20/2020 12:20,Online,47,42,5
--,Change Research,5/15/2020,5/17/2020,5/20/2020 12:18,Online,48,45,3
--,Morning Consult,5/11/2020,5/17/2020,5/20/2020 12:16,Online,46,41,5
GA,Civiqs,5/16/2020,5/18/2020,5/20/2020 12:12,Online,48,47,1
FL,Point Blank Political,5/14/2020,5/17/2020,5/20/2020 12:09,Text/Online,45,44,1
VA,Roanoke College,5/3/2020,5/16/2020,5/20/2020 12:05,Live Phone,51,39,12
AZ,OH Predictive Insights,5/9/2020,5/11/2020,5/20/2020 12:03,IVR/Live Phone,50,43,7
TN,East Tennessee State University,4/22/2020,5/1/2020,5/20/2020 11:59,Live Phone,36,53,-17
--,RMG Research,5/14/2020,5/16/2020,5/20/2020 11:57,Online,43,39,4
--,Optimus,5/9/2020,5/16/2020,5/20/2020 11:57,Online,52,41,11
--,The Harris Poll,5/13/2020,5/14/2020,5/20/2020 11:54,Online,53,47,6
--,The Harris Poll,5/13/2020,5/14/2020,5/20/2020 11:54,Online,53,47,6
CO,Global Strategy Group,5/7/2020,5/11/2020,5/20/2020 11:50,Online,53,40,13
GA,BK Strategies,5/11/2020,5/13/2020,5/16/2020 12:36,Live Phone,46,48,-2
NC,East Carolina University,5/7/2020,5/9/2020,5/16/2020 12:35,Online,43,46,-3
--,Data for Progress,5/5/2020,5/5/2020,5/16/2020 12:31,Online,50,44,6
--,Data for Progress,4/28/2020,4/28/2020,5/16/2020 12:31,Online,52,43,9
--,Data for Progress,4/21/2020,4/21/2020,5/16/2020 12:31,Online,49,44,5
--,Data for Progress,4/14/2020,4/14/2020,5/16/2020 12:31,Online,49,45,4
FL,Florida Atlantic University,5/8/2020,5/12/2020,5/15/2020 11:13,IVR/Online,53,47,6
--,Optimus,5/5/2020,5/12/2020,5/15/2020 11:10,Online,52,43,9
NJ,Rutgers University,4/22/2020,5/2/2020,5/15/2020 11:08,Live Phone,56,33,23
--,YouGov,5/10/2020,5/12/2020,5/13/2020 14:08,Online,47,43,4
--,SSRS,5/7/2020,5/10/2020,5/13/2020 14:06,Live Phone,51,46,5
GA,Public Opinion Strategies,5/4/2020,5/7/2020,5/13/2020 14:04,Live Phone,47,46,1
--,Ipsos,5/11/2020,5/12/2020,5/13/2020 14:03,Online,46,38,8
WI,Marquette University Law School,5/3/2020,5/7/2020,5/12/2020 17:25,Live Phone,49,45,4
--,Morning Consult,5/4/2020,5/10/2020,5/11/2020 18:30,Online,52,45,7
--,Redfield & Wilton Strategies,5/8/2020,5/9/2020,5/11/2020 18:25,Online,52,44,8
--,RMG Research,5/7/2020,5/9/2020,5/11/2020 18:24,Online,44,38,6
--,Optimus,5/2/2020,5/9/2020,5/11/2020 18:17,Online,50,45,5
--,YouGov,5/4/2020,5/5/2020,5/7/2020 17:54,Online,45,42,3
--,Optimus,4/28/2020,5/5/2020,5/7/2020 17:54,Online,51,45,6
MA,University of Massachusetts Lowell,4/27/2020,5/1/2020,5/7/2020 17:53,Live Phone,58,30,28
CT,Quinnipiac University,4/30/2020,5/4/2020,5/7/2020 17:50,Live Phone,56,33,23
NJ,Quinnipiac University,4/30/2020,5/4/2020,5/7/2020 17:50,Live Phone,54,35,19
NY,Quinnipiac University,4/30/2020,5/4/2020,5/7/2020 17:50,Live Phone,55,32,23
NV,ALG Research,4/27/2020,4/30/2020,5/7/2020 17:48,Online,49,45,4
--,YouGov,5/3/2020,5/5/2020,5/6/2020 11:39,Online,46,42,4
CO,Keating Research,5/1/2020,5/3/2020,5/6/2020 11:37,Online,55,35,20
--,Monmouth,4/30/2020,5/4/2020,5/6/2020 11:36,Live Phone,47,40,7
--,Change Research,5/1/2020,5/3/2020,5/6/2020 11:33,Online,47,44,3
--,Civiqs,5/2/2020,5/5/2020,5/6/2020 11:32,Online,47,44,3
--,Ipsos,5/4/2020,5/5/2020,5/6/2020 11:32,Online,43,41,2
NC,Civiqs,5/2/2020,5/4/2020,5/6/2020 11:32,Online,49,48,1
--,RMG Research,4/30/2020,5/2/2020,5/6/2020 11:31,Online,46,39,7
MT,Montana State University Bozeman,4/10/2020,4/27/2020,5/6/2020 11:30,Online,40,45,-5
CO,Montana State University Bozeman,4/10/2020,4/27/2020,5/6/2020 11:28,Online,53,35,18
--,Morning Consult,4/27/2020,5/3/2020,5/6/2020 11:27,Online,46,42,4
--,Optimus,4/25/2020,5/2/2020,5/6/2020 11:26,Online,50,45,5
IA,Public Policy Polling,4/30/2020,5/1/2020,5/4/2020 15:03,IVR,46,48,-2
--,YouGov,4/28/2020,5/1/2020,5/3/2020 11:38,Online,49,43,6
TX,University of Texas at Tyler,4/18/2020,4/27/2020,5/3/2020 11:36,Live Phone/Online,43,43,0
PA,Harper Polling,4/21/2020,4/26/2020,5/3/2020 11:33,Online,49,43,6
--,IBD/TIPP,4/26/2020,4/28/2020,5/1/2020 10:48,Online,43,43,0
GA,Cygnal,4/25/2020,4/27/2020,5/1/2020 10:47,Live Phone/Online,44,45,-1
MI,Public Policy Polling,4/28/2020,4/29/2020,5/1/2020 10:45,IVR,50,42,8
--,Optimus,4/21/2020,4/28/2020,4/30/2020 16:35,Online,49,45,4
--,Ipsos,4/27/2020,4/29/2020,4/30/2020 15:32,Online,45,39,6
TX,Public Policy Polling,4/27/2020,4/28/2020,4/30/2020 15:31,IVR,47,46,1
--,YouGov,4/26/2020,4/28/2020,4/30/2020 15:30,Online,47,41,6
NH,Saint Anselm College,4/23/2020,4/27/2020,4/30/2020 15:27,Online,50,42,8
UT,RMG Research,4/15/2020,4/21/2020,4/30/2020 15:25,Online,32,51,-19
NC,Garin-Hart-Yang Research Group,4/13/2020,4/18/2020,4/30/2020 15:23,Live Phone,48,45,3
--,Ipsos,4/26/2020,4/28/2020,4/28/2020 22:00,Online,44,40,4
NC,SurveyUSA,4/23/2020,4/26/2020,4/28/2020 21:53,Online,50,45,5
--,RMG Research,4/23/2020,4/25/2020,4/28/2020 21:50,Online,46,38,8
--,Morning Consult,4/20/2020,4/26/2020,4/27/2020 17:57,Online,46,42,4
--,Suffolk University,4/21/2020,4/25/2020,4/27/2020 17:50,Live Phone,44,38,6
OH,Baldwin Wallace University,4/20/2020,4/25/2020,4/27/2020 17:44,Online,45,44,1
--,Optimus,4/18/2020,4/25/2020,4/27/2020 17:41,Online,52,44,8
NY,Siena College,4/19/2020,4/23/2020,4/27/2020 17:40,Live Phone,65,29,36
--,Fordham University,4/16/2020,4/20/2020,4/27/2020 17:38,Online,56,42,14
--,Climate Nexus,4/19/2020,4/19/2020,4/27/2020 17:36,Online,49,40,9
TX,YouGov,4/10/2020,4/19/2020,4/25/2020 1:43,Online,44,49,-5
--,Redfield & Wilton Strategies,4/21/2020,4/21/2020,4/24/2020 23:57,Online,54,44,10
NM,Public Policy Polling,4/20/2020,4/21/2020,4/24/2020 23:53,IVR,52,40,12
PA,Hodas & Associates,4/16/2020,4/18/2020,4/24/2020 23:45,Live Phone,47,47,0
WI,Hodas & Associates,4/13/2020,4/15/2020,4/24/2020 23:43,Live Phone,50,45,5
MI,Hodas & Associates,4/9/2020,4/11/2020,4/24/2020 23:42,Live Phone,49,43,6
--,Redfield & Wilton Strategies,4/23/2020,4/23/2020,4/24/2020 23:39,Online,52,44,8
WI,Public Policy Polling,4/20/2020,4/21/2020,4/23/2020 16:37,IVR,50,45,5
PA,Public Policy Polling,4/20/2020,4/21/2020,4/23/2020 16:37,IVR,51,44,7
MI,Public Policy Polling,4/20/2020,4/21/2020,4/23/2020 16:37,IVR,51,44,7
NC,Public Policy Polling,4/20/2020,4/21/2020,4/23/2020 16:37,IVR,49,46,3
--,Optimus,4/14/2020,4/21/2020,4/23/2020 16:34,Online,53,44,9
PA,Susquehanna Polling & Research Inc.,4/14/2020,4/20/2020,4/23/2020 16:31,Live Phone/Online,48,42,6
NJ,Monmouth University,4/16/2020,4/19/2020,4/23/2020 10:26,Live Phone,54,38,16
WI,Ipsos,4/15/2020,4/20/2020,4/23/2020 0:18,Online,43,40,3
PA,Ipsos,4/15/2020,4/20/2020,4/23/2020 0:18,Online,46,40,6
MI,Ipsos,4/15/2020,4/20/2020,4/23/2020 0:18,Online,46,38,8
PA,Fox News/Beacon Research/Shaw & Co. Research,4/18/2020,4/21/2020,4/22/2020 18:45,Live Phone,50,42,8
MI,Fox News/Beacon Research/Shaw & Co. Research,4/18/2020,4/21/2020,4/22/2020 18:45,Live Phone,49,41,8
--,YouGov,4/19/2020,4/21/2020,4/22/2020 14:17,Online,48,42,6
FL,Quinnipiac University,4/16/2020,4/20/2020,4/22/2020 14:15,Live Phone,46,42,4
--,Change Research,4/17/2020,4/18/2020,4/22/2020 14:14,Online,48,44,4
--,Ipsos,4/15/2020,4/21/2020,4/22/2020 1:04,Online,47,39,8
--,Morning Consult,4/13/2020,4/19/2020,4/21/2020 16:08,Online,47,42,5
--,Morning Consult,4/6/2020,4/12/2020,4/21/2020 16:08,Online,45,42,3
--,RMG Research,4/16/2020,4/18/2020,4/21/2020 16:05,IVR/Online,49,40,9
--,Optimus,4/11/2020,4/18/2020,4/21/2020 16:03,Online,52,44,8
MS,Chism Strategies,4/6/2020,4/9/2020,4/21/2020 16:01,Live Phone,38,49,-11
WA,EMC Research,3/31/2020,4/6/2020,4/21/2020 11:34,Online,52,39,13
--,NBC News/Wall Street Journal,4/13/2020,4/15/2020,4/21/2020 11:30,Live Phone,49,42,7
IN,Change Research,4/10/2020,4/13/2020,4/21/2020 11:29,Online,39,52,-13
--,The Harris Poll,4/14/2020,4/16/2020,4/18/2020 19:47,Online,53,47,6
--,The Harris Poll,4/14/2020,4/16/2020,4/18/2020 19:47,Online,54,46,8
FL,St Pete Polls,4/14/2020,4/17/2020,4/18/2020 19:41,IVR,48,48,0
--,Morning Consult,4/14/2020,4/16/2020,4/16/2020 22:34,Online,46,42,4
NC,Public Policy Polling,4/14/2020,4/15/2020,4/16/2020 22:33,IVR,48,47,1
--,Change Research,4/13/2020,4/15/2020,4/16/2020 22:32,Online,50,40,10
--,Optimus,4/7/2020,4/14/2020,4/16/2020 22:28,Online,54,42,12
--,Pew Research Center,4/8/2020,4/12/2020,4/16/2020 22:26,Online,47,45,2
NC,Harper Polling,4/5/2020,4/7/2020,4/15/2020 13:57,Live Phone,42,49,-7
--,YouGov,4/12/2020,4/14/2020,4/15/2020 11:45,Online,48,43,5
--,Civiqs,4/11/2020,4/14/2020,4/15/2020 11:43,Online,48,44,4
--,Ipsos,4/13/2020,4/14/2020,4/14/2020 20:08,Online,45,40,5
--,Global Strategy Group,4/6/2020,4/10/2020,4/14/2020 15:43,Online,49,45,4
VA,Virginia Commonwealth University,3/25/2020,4/8/2020,4/14/2020 9:18,Live Phone,51,41,10
CT,Sacred Heart University,3/24/2020,4/3/2020,4/14/2020 8:17,Live Phone/Online,48,34,14
AZ,OH Predictive Insights,4/7/2020,4/8/2020,4/14/2020 6:47,IVR/Live Phone,52,43,9
--,Optimus,3/28/2020,4/4/2020,4/13/2020 15:36,Online,50,44,6
--,Optimus,3/21/2020,3/28/2020,4/13/2020 15:36,Online,51,43,8
--,Optimus,4/4/2020,4/10/2020,4/13/2020 14:46,Online,53,43,10
MI,Garin-Hart-Yang Research Group,4/6/2020,4/8/2020,4/13/2020 14:10,Live Phone,50,41,9
WI,Garin-Hart-Yang Research Group,4/6/2020,4/8/2020,4/13/2020 14:10,Live Phone,48,47,1
--,Garin-Hart-Yang Research Group,4/3/2020,4/5/2020,4/13/2020 14:10,Live Phone,50,43,7
UT,Y2 Analytics,3/21/2020,3/30/2020,4/13/2020 8:19,Online,41,46,-5
--,Lord Ashcroft Polls,3/10/2020,3/24/2020,4/11/2020 19:09,Online,48,36,12
--,Fox News/Beacon Research/Shaw & Co. Research,4/5/2020,4/7/2020,4/9/2020 18:21,Live Phone,42,42,0
--,Change Research,2/4/2020,4/3/2020,4/9/2020 14:21,Online,43,45,-2
--,YouGov,4/6/2020,4/7/2020,4/9/2020 13:19,Online,49,40,9
--,SSRS,4/3/2020,4/6/2020,4/9/2020 11:03,Live Phone,53,42,11
--,Monmouth University,4/3/2020,4/7/2020,4/9/2020 10:01,Live Phone,48,44,4
--,Quinnipiac University,4/2/2020,4/6/2020,4/8/2020 14:02,Live Phone,49,41,8
--,NBC News/Wall Street Journal,4/3/2020,4/6/2020,4/8/2020 12:10,Live Phone,44,39,5
--,YouGov,4/5/2020,4/7/2020,4/8/2020 10:02,Online,48,42,6
--,Ipsos,4/6/2020,4/7/2020,4/8/2020 9:36,Online,43,37,6
--,Research Co.,3/4/2020,4/3/2020,4/8/2020 9:04,Online,45,40,5
--,Morning Consult,3/30/2020,4/5/2020,4/7/2020 6:35,Online,46,42,4
--,IBD/TIPP,3/29/2020,4/1/2020,4/6/2020 16:49,Online,47,41,6
FL,University of North Florida,3/31/2020,4/4/2020,4/6/2020 6:09,Live Phone,46,40,6
MI,Spry Strategies,3/30/2020,4/1/2020,4/3/2020 19:35,Automated Phone,46,46,0
GA,Battleground Connect,3/31/2020,4/1/2020,4/3/2020 11:04,IVR/Live Phone,46,48,-2
MI,Public Policy Polling,3/31/2020,4/1/2020,4/2/2020 16:57,IVR,48,45,3
--,Echelon Insights,3/20/2020,3/24/2020,4/2/2020 10:49,Online,50,41,9
--,Change Research,3/26/2020,3/28/2020,4/1/2020 14:00,Online,49,43,6
WI,Marquette University Law School,3/24/2020,3/29/2020,4/1/2020 13:18,Live Phone,48,45,3
CA,Public Policy Polling,3/28/2020,3/29/2020,4/1/2020 12:55,Automated Phone,67,29,38
--,YouGov,3/29/2020,3/31/2020,4/1/2020 9:28,Online,46,42,4
--,RMG Research,3/26/2020,3/28/2020,4/1/2020 9:04,IVR/Online,45,40,5
--,Selzer & Co.,3/27/2020,3/30/2020,4/1/2020 6:06,Live Phone,47,43,4
--,Ipsos,3/30/2020,3/31/2020,3/31/2020 19:15,Online,46,40,6
--,Morning Consult,3/23/2020,3/29/2020,3/30/2020 18:38,Online,46,42,4
--,The Harris Poll,3/24/2020,3/26/2020,3/30/2020 12:41,Online,55,45,10
NY,Siena College,3/22/2020,3/26/2020,3/30/2020 5:56,Live Phone,58,33,25
--,ABC News/Washington Post,3/22/2020,3/25/2020,3/29/2020 0:05,Live Phone,50,44,6
--,ABC News/Washington Post,3/22/2020,3/25/2020,3/29/2020 0:05,Live Phone,49,47,2
--,YouGov,3/25/2020,3/26/2020,3/27/2020 19:59,Online,46,40,6
--,Fox News/Beacon Research/Shaw & Co. Research,3/21/2020,3/24/2020,3/27/2020 17:59,Live Phone,49,40,9
PA,Hodas & Associates,3/19/2020,3/21/2020,3/27/2020 6:21,Live Phone,45,47,-2
WI,Hodas & Associates,3/17/2020,3/19/2020,3/27/2020 6:20,Live Phone,45,49,-4
MI,Hodas & Associates,3/12/2020,3/16/2020,3/27/2020 6:20,Live Phone,50,44,6
MI,Baldwin Wallace University,3/17/2020,3/25/2020,3/26/2020 5:52,Online,47,42,5
OH,Baldwin Wallace University,3/17/2020,3/25/2020,3/26/2020 5:52,Online,43,47,-4
PA,Baldwin Wallace University,3/17/2020,3/25/2020,3/26/2020 5:52,Online,45,47,-2
WI,Baldwin Wallace University,3/17/2020,3/25/2020,3/26/2020 5:52,Online,45,45,0
MI,Marketing Resource Group (MRG),3/16/2020,3/20/2020,3/25/2020 10:20,Live Phone,44,41,3
--,YouGov,3/22/2020,3/24/2020,3/25/2020 9:08,Online,46,42,4
--,Monmouth University,3/18/2020,3/22/2020,3/24/2020 11:04,Live Phone,48,45,3
--,Morning Consult,3/16/2020,3/22/2020,3/24/2020 6:14,Online,47,42,5
--,Hofstra University,3/5/2020,3/12/2020,3/19/2020 8:13,Online,51,49,2
CT,Sacred Heart University,2/24/2020,3/12/2020,3/19/2020 8:13,Live Phone/Online,52,36,16
--,YouGov,3/15/2020,3/17/2020,3/18/2020 9:40,Online,48,41,7
--,Ipsos,3/13/2020,3/16/2020,3/17/2020 9:34,Online,46,37,9
--,Morning Consult,3/11/2020,3/15/2020,3/17/2020 5:56,Online,48,42,6
FL,AtlasIntel,3/14/2020,3/16/2020,3/16/2020 22:57,Online,45,45,0
--,RMG Research,3/13/2020,3/15/2020,3/16/2020 18:08,Online,47,43,4
FL,Latino Decisions,3/6/2020,3/12/2020,3/16/2020 12:07,Live Phone/Online,45,48,-3
AZ,Marist College,3/10/2020,3/15/2020,3/16/2020 12:00,Live Phone,47,46,1
OH,Marist College,3/10/2020,3/13/2020,3/16/2020 12:00,Live Phone,49,45,4
AZ,Monmouth University,3/11/2020,3/14/2020,3/16/2020 6:56,Live Phone,46,43,3
--,NBC News/Wall Street Journal,3/11/2020,3/13/2020,3/15/2020 8:54,Live Phone,52,43,9
AZ,Climate Nexus,2/11/2020,2/15/2020,3/13/2020 17:16,Online,42,46,-4
AZ,Latino Decisions,3/6/2020,3/11/2020,3/13/2020 9:58,Live Phone/Online,50,42,8
AZ,OH Predictive Insights,3/3/2020,3/4/2020,3/13/2020 8:54,IVR/Live Phone,49,43,6
--,YouGov,3/10/2020,3/11/2020,3/12/2020 16:45,Online,45,41,4
--,Civiqs,3/8/2020,3/11/2020,3/12/2020 12:41,Online,48,46,2
WI,Public Policy Polling,3/10/2020,3/11/2020,3/12/2020 8:35,IVR,48,45,3
KS,Public Policy Polling,3/10/2020,3/11/2020,3/12/2020 8:35,IVR,40,52,-12
IA,Selzer & Co.,3/2/2020,3/6/2020,3/11/2020 20:43,Live Phone,41,51,-10
OK,Amber Integrated,3/5/2020,3/8/2020,3/11/2020 16:04,Live Phone/Online,33,57,-24
--,YouGov,3/8/2020,3/10/2020,3/11/2020 9:14,Online,47,43,4
WA,SurveyUSA,3/4/2020,3/6/2020,3/10/2020 23:28,Online,57,34,23
--,The Harris Poll,2/26/2020,2/28/2020,3/10/2020 13:40,Online,55,45,10
--,Ipsos,3/6/2020,3/9/2020,3/10/2020 12:08,Online,44,42,2
FL,Florida Atlantic University,3/5/2020,3/7/2020,3/10/2020 8:10,IVR/Online,49,51,-2
--,Morning Consult,3/5/2020,3/8/2020,3/10/2020 5:42,Online,48,41,7
MI,AtlasIntel,3/7/2020,3/9/2020,3/9/2020 22:41,Online,44,46,-2
--,Quinnipiac University,3/5/2020,3/8/2020,3/9/2020 15:03,Live Phone,52,41,11
PA,YouGov,3/6/2020,3/8/2020,3/9/2020 14:13,Online,46,40,6
WI,YouGov,3/6/2020,3/8/2020,3/9/2020 14:13,Online,44,42,2
MI,YouGov,3/6/2020,3/8/2020,3/9/2020 14:12,Online,45,41,4
MI,Monmouth University,3/5/2020,3/8/2020,3/9/2020 13:05,Live Phone,48,41,7
ND,DFM Research,3/3/2020,3/6/2020,3/9/2020 11:24,Live Phone,38,55,-17
MI,Optimus,3/5/2020,3/7/2020,3/9/2020 8:49,Live Phone/Text,44,46,-2
PA,Optimus,3/5/2020,3/7/2020,3/9/2020 8:49,Live Phone/Text,44,45,-1
WI,Optimus,3/5/2020,3/7/2020,3/9/2020 8:49,Live Phone/Text,43,45,-2
--,SSRS,3/4/2020,3/7/2020,3/9/2020 7:16,Live Phone,53,43,10
MI,Expedition Strategies,2/6/2020,2/18/2020,3/7/2020 0:26,Online,43,43,0
PA,Expedition Strategies,2/6/2020,2/18/2020,3/7/2020 0:26,Online,47,42,5
WI,Expedition Strategies,2/6/2020,2/18/2020,3/7/2020 0:26,Online,42,44,-2
UT,RMG Research,2/24/2020,3/1/2020,3/6/2020 0:14,Online,33,50,-17
MS,Mason-Dixon Polling & Research Inc.,2/26/2020,2/28/2020,3/5/2020 8:16,Live Phone,41,56,-15
ME,Public Policy Polling,3/2/2020,3/4/2020,3/5/2020 8:02,IVR,52,42,10
AZ,Public Policy Polling,3/2/2020,3/4/2020,3/5/2020 8:02,IVR,48,47,1
GA,University of Georgia,2/24/2020,3/2/2020,3/4/2020 6:59,Live Phone,43,51,-8
VA,Hampton University,2/25/2020,2/28/2020,3/3/2020 0:21,Online,45,38,7
TX,AtlasIntel,2/24/2020,3/2/2020,3/2/2020 20:07,Online,43,47,-4
CA,AtlasIntel,2/24/2020,3/2/2020,3/2/2020 17:43,Online,62,26,36
CO,Climate Nexus,2/15/2020,2/19/2020,3/2/2020 15:49,Online,46,43,3
NC,Climate Nexus,2/15/2020,2/19/2020,3/2/2020 15:47,Online,46,44,2
FL,Saint Leo University,2/17/2020,2/22/2020,3/2/2020 14:11,Online,51,40,11
--,Saint Leo University,2/17/2020,2/22/2020,3/2/2020 14:10,Online,47,40,7
CA,YouGov,2/26/2020,2/28/2020,3/2/2020 11:02,Online,59,31,28
--,IBD/TIPP,2/20/2020,2/29/2020,3/2/2020 9:29,Live Phone,49,46,3
NC,East Carolina University,2/27/2020,2/28/2020,3/1/2020 9:39,IVR/Online,48,46,2
NC,Marist College,2/23/2020,2/27/2020,3/1/2020 8:59,Live Phone,49,45,4
TX,Marist College,2/23/2020,2/27/2020,3/1/2020 8:59,Live Phone,45,49,-4
TX,University of Texas at Tyler,2/17/2020,2/26/2020,3/1/2020 6:06,Live Phone/Online,44,45,-1
MO,Remington Research Group,2/26/2020,2/27/2020,2/29/2020 10:06,Automated Phone,42,52,-10
SC,AtlasIntel,2/25/2020,2/28/2020,2/28/2020 18:55,Online,42,48,-6
--,Morning Consult,2/23/2020,2/27/2020,2/28/2020 15:26,Online,46,42,4
--,YouGov,2/26/2020,2/27/2020,2/28/2020 14:44,Online,50,41,9
CA,"University of California, Berkeley",2/20/2020,2/25/2020,2/28/2020 14:34,Online,60,31,29
TX,SSRS,2/22/2020,2/26/2020,2/28/2020 12:14,Live Phone,48,47,1
CA,SSRS,2/22/2020,2/26/2020,2/28/2020 12:13,Live Phone,60,35,25
TX,North Star Opinion Research,2/21/2020,2/26/2020,2/28/2020 12:03,Live Phone/Online,43,46,-3
--,Fox News/Beacon Research/Shaw & Co. Research,2/23/2020,2/26/2020,2/27/2020 18:14,Live Phone,49,41,8
WI,Marquette University Law School,2/19/2020,2/23/2020,2/27/2020 13:47,Live Phone,46,46,0
NH,University of New Hampshire,2/19/2020,2/25/2020,2/27/2020 10:55,Live Phone,44,46,-2
PA,Muhlenberg College,2/12/2020,2/20/2020,2/27/2020 7:06,Live Phone,47,47,0
MT,University of Montana,2/12/2020,2/22/2020,2/26/2020 20:33,Online,34,56,-22
--,Ipsos,2/19/2020,2/25/2020,2/26/2020 10:57,Online,47,40,7
MD,Goucher College,2/13/2020,2/19/2020,2/25/2020 0:04,Live Phone,60,35,25
VA,Roanoke College,2/9/2020,2/18/2020,2/24/2020 9:47,Live Phone,48,40,8
NY,Siena College,2/16/2020,2/20/2020,2/24/2020 6:46,Live Phone,55,36,19
--,YouGov,2/20/2020,2/22/2020,2/23/2020 10:39,Online,47,45,2
PA,YouGov,2/11/2020,2/20/2020,2/23/2020 8:20,Online,46,45,1
MI,YouGov,2/11/2020,2/20/2020,2/23/2020 8:20,Online,47,43,4
WI,YouGov,2/11/2020,2/20/2020,2/23/2020 8:20,Online,45,43,2
NV,AtlasIntel,2/19/2020,2/21/2020,2/21/2020 16:04,Online,44,41,3
CA,YouGov,1/2/2020,2/15/2020,2/20/2020 16:15,Online,60,30,30
MI,Quinnipiac University,2/12/2020,2/18/2020,2/20/2020 12:05,Live Phone,47,43,4
PA,Quinnipiac University,2/12/2020,2/18/2020,2/20/2020 12:05,Live Phone,50,42,8
WI,Quinnipiac University,2/12/2020,2/18/2020,2/20/2020 12:05,Live Phone,42,49,-7
FL,University of North Florida,2/10/2020,2/18/2020,2/19/2020 22:16,Live Phone,49,48,1
CA,SurveyUSA,2/13/2020,2/16/2020,2/19/2020 17:54,Online,57,37,20
NC,SurveyUSA,2/13/2020,2/16/2020,2/19/2020 17:46,Online,49,45,4
--,SurveyUSA,2/13/2020,2/17/2020,2/19/2020 10:25,Online,48,45,3
--,Ipsos,2/14/2020,2/17/2020,2/19/2020 9:30,Online,42,40,2
--,ABC News/Washington Post,2/14/2020,2/17/2020,2/19/2020 6:05,Live Phone,52,45,7
--,ABC News/Washington Post,2/14/2020,2/17/2020,2/19/2020 6:04,Live Phone,52,44,8
--,Morning Consult,2/12/2020,2/17/2020,2/19/2020 5:04,Online,45,43,2
--,NBC News/Wall Street Journal,2/14/2020,2/17/2020,2/18/2020 16:59,Live Phone,52,44,8
NJ,Fairleigh Dickinson University (PublicMind),2/12/2020,2/16/2020,2/18/2020 16:50,Live Phone,52,34,18
OK,Cole Hargrave Snodgrass & Associates,2/10/2020,2/13/2020,2/18/2020 11:56,Live Phone/Text,33,57,-24
--,Marist College,2/13/2020,2/16/2020,2/18/2020 4:58,Live Phone,50,44,6
--,Morning Consult,2/4/2020,2/9/2020,2/11/2020 8:29,Online,45,42,3
NH,AtlasIntel,2/8/2020,2/10/2020,2/10/2020 22:24,Online,44,46,-2
--,Ipsos,2/7/2020,2/10/2020,2/10/2020 18:40,Online,44,42,2
--,Quinnipiac University,2/5/2020,2/9/2020,2/10/2020 14:17,Live Phone,50,43,7
--,Morning Consult,1/27/2020,2/2/2020,2/2/2020 14:30,Online,46,42,4
--,NBC News/Wall Street Journal,1/26/2020,1/29/2020,2/2/2020 13:10,Live Phone,50,44,6
GA,Mason-Dixon Polling & Research Inc.,2/1/2020,2/1/2020,2/2/2020 7:20,Live Phone,44,51,-7
GA,SurveyUSA,2/1/2020,2/1/2020,2/2/2020 7:20,Online,47,43,4
--,USC Dornsife,1/15/2020,1/28/2020,1/31/2020 13:10,Online,49,40,9
--,ABC News/Washington Post,1/20/2020,1/23/2020,1/27/2020 8:00,Live Phone,50,46,4
--,Fox News/Beacon Research/Shaw & Co. Research,1/19/2020,1/22/2020,1/24/2020 8:00,Live Phone,50,41,9
--,CNN,1/16/2020,1/19/2020,1/20/2020 8:00,Live Phone,53,44,9
--,Morning Consult,1/6/2020,1/12/2020,1/14/2020 14:30,Online,46,41,5
--,Fox News/Beacon Research/Shaw & Co. Research,1/1/2020,1/1/2020,1/1/2020 8:00,Live Phone,48,41,7
--,Quinnipiac University,1/1/2020,1/1/2020,1/1/2020 8:00,Live Phone,51,42,9
